Author,in,the,god,and,was,without,upon,of,said,let,there,be,that,it,from,he,were,which,unto,one,forth,his,whose,is,to,them,for,also,hath,may,every,their,make,man,our,have,all,him,shall,wherein,had,thus,because,these,are,when,they,lord,not,till,but,into,became,whom,out,thence,where,thou,shalt,thereof,should,will,an,what,would,whatsoever,her,now,my,therefore,more,than,yea,ye,we,neither,lest,then,your,as,did,with,thy,who,thee,hast,whereof,shouldest,me,ever,whence,again,if,henceforth,whosoever,other,such,yet,those,do,according,by,upward,no,whoso,therein,wherefore,say,didst,been,could,thyself,or,like,thine,seest,himself,whereby,each,whither,many,among,must,being,once,some,ought,much,thereby,moreover,cometh,how,wherewith,whereon,whensoever,doeth,thereon,hence,throughout,verily,notwithstanding,therewith,underneath,thereupon,thereunto,wheresoever,seemeth,soever,outward,whereunto,inasmuch,abundance,therefrom,howsoever,oft,downward,forthwith,whereto,oftentimes,becometh,wherewithal,hereof,i_percentage_use,n_percentage_use,t_percentage_use,h_percentage_use,e_percentage_use,b_percentage_use,g_percentage_use,o_percentage_use,d_percentage_use,c_percentage_use,r_percentage_use,a_percentage_use,v_percentage_use,w_percentage_use,s_percentage_use,u_percentage_use,f_percentage_use,m_percentage_use,k_percentage_use,p_percentage_use,l_percentage_use,y_percentage_use,x_percentage_use,j_percentage_use,z_percentage_use,q_percentage_use,Total_Word_Count,AVG_Letter_Per_Word,AVG_Word_Per_Verse,Total_Function_Word_Count
Moses,2314,13672,804.0,11671,690.0,91.0,758,7283,872.0,256.0,378,1676,2242,1637,696,2037,504.0,981,2356,459.0,159.0,1984,39.0,1066,2222,1225,1687,213.0,424,273.0,313.0,837,328.0,442.0,166.0,528,1169,1052,2828.0,38.0,258.0,70.0,198.0,309.0,384,470.0,1092,1887.0,1099,16.0,436,324.0,25.0,96.0,582,36.0,58.0,1524.0,893.0,255.0,72.0,616,499,115.0,43.0,49.0,468.0,167.0,565.0,153.0,75.0,46.0,7.0,844.0,263.0,165.0,69.0,359.0,538.0,524,199.0,1123,1254.0,80,959.0,140.0,17.0,10.0,549.0,62.0,9.0,99.0,439.0,4.0,41.0,107.0,38.0,77.0,91.0,308.0,225.0,479.0,37.0,205.0,5.0,68.0,57.0,148.0,15.0,28.0,19.0,33.0,421.0,50.0,201.0,8.0,84.0,7.0,20.0,39.0,36.0,219.0,26.0,26.0,7.0,26.0,24.0,32.0,2.0,25.0,25.0,46.0,32.0,12.0,1.0,9.0,25.0,9.0,68.0,2.0,8.0,10.0,3.0,1.0,5.0,1.0,2.0,4.0,1.0,3.0,1.0,2.0,0.0,0.0,0.0,0.0,0.0,0.0,0.0,0.0,0.0,0.0,0.05479376617655157,0.07192340673259226,0.09772249887895022,0.08730971655141488,0.12568502041490642,0.01623752094593,0.016234374139545128,0.07639659200868519,0.049530732497856236,0.016942405576140913,0.05333522141716426,0.08869273795756531,0.008526271899805685,0.017206737312470008,0.05624759072636158,0.025361686058861015,0.028864081565221494,0.02325332578099801,0.00629990638251005,0.012884598742850849,0.043300055855813334,0.01776529544578446,0.00044999331303643216,0.0015970042403216035,0.0005711453588539331,0.000162060528820813,157941,4.024065948677038,26.897983595352017,92467.99729374649
Joshua,235,2021,73.0,1517,97.0,2.0,37,1149,73.0,17.0,41,78,276,145,124,131,99.0,122,294,46.0,9.0,60,1.0,84,365,209,169,18.0,33,13.0,11.0,172,14.0,30.0,36.0,60,217,62,104.0,5.0,72.0,12.0,28.0,41.0,46,53.0,180,228.0,83,4.0,59,40.0,3.0,10.0,139,8.0,4.0,50.0,13.0,34.0,7.0,42,37,12.0,5.0,0.0,81.0,33.0,20.0,35.0,6.0,2.0,0.0,105.0,53.0,10.0,4.0,37.0,87.0,77,40.0,201,29.0,8,28.0,9.0,3.0,0.0,25.0,4.0,3.0,8.0,18.0,0.0,4.0,21.0,0.0,7.0,14.0,21.0,48.0,63.0,0.0,11.0,0.0,15.0,8.0,8.0,2.0,4.0,3.0,1.0,16.0,1.0,11.0,0.0,1.0,0.0,3.0,1.0,2.0,41.0,2.0,3.0,3.0,2.0,1.0,6.0,0.0,0.0,0.0,7.0,1.0,2.0,0.0,0.0,4.0,1.0,5.0,0.0,1.0,0.0,0.0,0.0,0.0,0.0,1.0,0.0,0.0,0.0,0.0,0.0,1.0,0.0,0.0,0.0,0.0,0.0,0.0,0.0,0.0,0.0,0.05645490236067914,0.07209503900474175,0.09998470402284199,0.08656248406669045,0.12598786519145463,0.015844083006169376,0.015920562891959415,0.07918217508795188,0.05246520165196553,0.01887778514250752,0.05605975628409728,0.08827053484933463,0.008259827665324019,0.017386427369601793,0.054071279253556315,0.0267807066741447,0.02656401366440626,0.022319380003059195,0.006105644215571305,0.010872890429816958,0.036531892112374446,0.014671391424055474,0.00020394636210676592,0.00532809871003926,0.0017462907255391832,0.00014021312394840157,18944,4.141258445945946,28.767477203647417,10731.998687095287
Samuel,698,3621,162.0,3677,396.0,7.0,144,1943,588.0,109.0,199,241,752,326,199,623,222.0,176,679,80.0,41.0,595,22.0,258,997,351,379,80.0,125,60.0,53.0,139,31.0,205.0,46.0,198,300,502,201.0,6.0,155.0,22.0,71.0,39.0,56,222.0,449,550.0,351,10.0,198,145.0,14.0,34.0,235,15.0,32.0,303.0,57.0,19.0,38.0,189,93,77.0,32.0,5.0,193.0,140.0,213.0,73.0,32.0,21.0,4.0,150.0,110.0,39.0,11.0,216.0,70.0,153,89.0,375,169.0,48,283.0,60.0,2.0,3.0,298.0,14.0,5.0,57.0,82.0,1.0,2.0,37.0,10.0,32.0,29.0,78.0,18.0,118.0,3.0,64.0,0.0,7.0,41.0,32.0,10.0,21.0,15.0,8.0,40.0,20.0,89.0,1.0,33.0,1.0,4.0,4.0,10.0,51.0,4.0,6.0,6.0,6.0,5.0,10.0,0.0,9.0,9.0,24.0,10.0,1.0,0.0,0.0,0.0,2.0,10.0,1.0,5.0,5.0,0.0,0.0,0.0,0.0,8.0,0.0,1.0,0.0,1.0,1.0,0.0,1.0,0.0,0.0,0.0,0.0,0.0,0.0,0.0,0.0,0.0610962852263023,0.0743061485909479,0.0964666951323655,0.08628842869342443,0.12754590093936807,0.013615499573014517,0.01525939368061486,0.07204312553373185,0.05864111870196413,0.01426665243381725,0.04724594363791631,0.09182322801024766,0.009324295473953886,0.021701537147736975,0.055817677198975235,0.025357600341588387,0.022779675491033304,0.027140264730999147,0.005871050384286934,0.013172502134927412,0.03832728437233134,0.015328778821520068,0.00032557643040136635,0.0024338172502134927,0.0010301024765157984,0.0002134927412467976,46928,3.9924991476304124,30.915399867812294,26656.997422075157
Unknown,266,1628,69.0,1553,186.0,1.0,52,859,240.0,52.0,80,127,316,133,108,296,80.0,48,268,46.0,21.0,245,15.0,119,444,99,180,55.0,43,28.0,20.0,28,14.0,71.0,10.0,72,184,265,83.0,1.0,88.0,17.0,29.0,16.0,31,93.0,130,196.0,134,2.0,87,42.0,6.0,15.0,80,4.0,12.0,163.0,26.0,2.0,19.0,81,35,30.0,21.0,3.0,52.0,60.0,153.0,37.0,24.0,14.0,2.0,35.0,26.0,16.0,8.0,90.0,8.0,90,39.0,160,151.0,17,126.0,40.0,1.0,1.0,137.0,10.0,2.0,26.0,24.0,0.0,3.0,9.0,8.0,21.0,2.0,41.0,12.0,49.0,0.0,18.0,0.0,1.0,22.0,20.0,7.0,8.0,4.0,11.0,15.0,7.0,30.0,0.0,16.0,0.0,0.0,4.0,6.0,11.0,3.0,5.0,0.0,6.0,4.0,7.0,0.0,6.0,2.0,20.0,3.0,0.0,0.0,0.0,2.0,0.0,3.0,0.0,1.0,1.0,0.0,0.0,0.0,0.0,4.0,2.0,0.0,0.0,0.0,1.0,0.0,2.0,0.0,0.0,0.0,0.0,0.0,0.0,0.0,0.0,0.06085568095220815,0.07281876353255676,0.09496679609536597,0.0853261724183813,0.12177184260502473,0.01747892247583796,0.016777346348780104,0.0743912617483761,0.05912593291480688,0.012858196949353461,0.04648546648764379,0.09580142976376238,0.011442948555116062,0.02021265014333926,0.055448706317813984,0.02388987674033216,0.022764935709015253,0.027216315273796133,0.00811651002165209,0.011648582937184744,0.03684484281065912,0.014612137266998101,0.0003628842036506151,0.0032417655526121615,0.0014515368146024604,0.0003265957832855536,20797,3.9751406452853777,29.75107913669065,11513.996238100424
Unknown,459,2149,96.0,1890,241.0,6.0,92,1176,209.0,36.0,102,94,366,188,69,455,101.0,176,280,62.0,18.0,318,3.0,107,477,107,236,44.0,36,30.0,27.0,67,21.0,61.0,17.0,75,216,276,124.0,5.0,94.0,28.0,35.0,18.0,29,69.0,151,293.0,147,2.0,90,39.0,5.0,17.0,81,5.0,6.0,176.0,28.0,31.0,8.0,90,57,23.0,7.0,4.0,41.0,44.0,154.0,28.0,7.0,14.0,0.0,16.0,21.0,15.0,0.0,68.0,11.0,84,84.0,187,178.0,24,155.0,52.0,0.0,1.0,110.0,11.0,0.0,26.0,30.0,0.0,1.0,27.0,2.0,15.0,6.0,31.0,34.0,79.0,0.0,31.0,0.0,3.0,8.0,18.0,6.0,7.0,5.0,14.0,17.0,20.0,36.0,1.0,23.0,0.0,3.0,6.0,8.0,10.0,1.0,6.0,1.0,1.0,0.0,4.0,0.0,7.0,3.0,13.0,8.0,0.0,0.0,0.0,2.0,1.0,5.0,1.0,1.0,0.0,0.0,0.0,0.0,0.0,0.0,1.0,0.0,0.0,0.0,5.0,0.0,0.0,0.0,0.0,0.0,0.0,0.0,0.0,0.0,0.0,0.0622546440568214,0.07192723299202719,0.09473268849407099,0.08876320369096281,0.12083653729410336,0.015621838196608524,0.016927030636610142,0.07916143915172609,0.05468655145898256,0.01617831559350844,0.04948601724068153,0.09111052652879517,0.009105993767453155,0.020498603747622322,0.05723622971386944,0.02180379618762394,0.024464769921890808,0.02384758589987454,0.00876198955846048,0.013193573191954348,0.03703104132097616,0.014863005382654094,0.00039459306325630335,0.003591808652717633,0.0010826014812416527,0.00019223764620178882,24664,4.007298086279598,30.131127450980394,13877.99775385487
Unknown,455,2242,84.0,1834,203.0,7.0,58,1421,226.0,37.0,81,82,353,181,108,482,74.0,150,189,36.0,20.0,332,7.0,110,531,173,150,23.0,43,21.0,28.0,72,14.0,79.0,4.0,62,190,271,105.0,5.0,94.0,36.0,22.0,17.0,48,91.0,235,294.0,173,7.0,90,71.0,3.0,24.0,91,12.0,11.0,104.0,27.0,20.0,11.0,58,21,23.0,12.0,0.0,59.0,59.0,63.0,34.0,12.0,4.0,3.0,51.0,34.0,15.0,1.0,56.0,19.0,81,95.0,152,88.0,20,86.0,26.0,2.0,5.0,62.0,2.0,3.0,24.0,26.0,1.0,2.0,8.0,8.0,10.0,8.0,33.0,37.0,61.0,2.0,22.0,0.0,6.0,9.0,16.0,0.0,2.0,3.0,1.0,12.0,16.0,21.0,0.0,6.0,0.0,2.0,1.0,1.0,9.0,0.0,3.0,1.0,7.0,0.0,5.0,0.0,4.0,9.0,15.0,4.0,0.0,0.0,0.0,1.0,0.0,1.0,1.0,2.0,2.0,0.0,0.0,0.0,2.0,0.0,0.0,0.0,0.0,0.0,0.0,2.0,0.0,1.0,1.0,0.0,0.0,0.0,0.0,0.0,0.0,0.061664800298618885,0.07159387831280328,0.09563269876819709,0.09372367087932597,0.12438543166426705,0.012733962565989443,0.017383885245027462,0.0740574841358716,0.05431664267050605,0.01591212072735029,0.04883485309017224,0.09457686770116781,0.007476137151389111,0.01937823281608276,0.05730283154695249,0.020295419399562736,0.025905188503172825,0.023718871647203113,0.009491814642990455,0.012115394870154108,0.03403188823121634,0.014877619580867061,0.00027728896709859754,0.005012531328320802,0.002719564869620861,0.00019196928491441368,23670,3.961343472750317,32.82197496522949,13578.997611048893
Ezra,890,5619,399.0,4640,448.0,18.0,123,3689,147.0,64.0,132,219,597,228,160,544,398.0,254,368,73.0,34.0,740,21.0,181,1140,357,605,161.0,61,33.0,67.0,353,41.0,61.0,89.0,139,479,368,110.0,6.0,230.0,41.0,83.0,133.0,117,148.0,444,606.0,207,6.0,153,80.0,5.0,34.0,181,4.0,10.0,158.0,31.0,49.0,33.0,75,124,25.0,19.0,7.0,68.0,133.0,131.0,63.0,25.0,12.0,3.0,93.0,71.0,21.0,1.0,133.0,53.0,129,88.0,489,154.0,62,135.0,55.0,4.0,5.0,94.0,41.0,0.0,36.0,38.0,1.0,9.0,28.0,23.0,30.0,21.0,53.0,78.0,160.0,5.0,36.0,1.0,8.0,13.0,15.0,8.0,20.0,21.0,7.0,31.0,26.0,48.0,0.0,36.0,0.0,5.0,3.0,24.0,48.0,3.0,9.0,1.0,12.0,3.0,27.0,0.0,35.0,8.0,10.0,5.0,2.0,0.0,0.0,8.0,0.0,30.0,1.0,2.0,3.0,0.0,0.0,0.0,1.0,0.0,2.0,1.0,1.0,0.0,25.0,0.0,0.0,0.0,0.0,1.0,0.0,0.0,0.0,0.0,0.0,0.05895698575553586,0.071639210454717,0.09154021011242858,0.0899955239206944,0.12665987940915754,0.015591676247816814,0.016767744143796243,0.07600558193419285,0.053910425754131595,0.0156969957608896,0.05396308551066799,0.09160164649505437,0.0095401925591764,0.0170398195525676,0.059786376920984034,0.023424815032605167,0.029160340182027226,0.02324489419777249,0.006933534610624984,0.012265334959934702,0.03328096613099992,0.011734349081526079,0.0007328482784647926,0.005226480836236934,0.003317564661792714,0.00020625071310086978,54168,4.20687490769458,26.442759295499023,30144.998222733215
Nehemiah,149,1192,75.0,799,64.0,1.0,27,701,40.0,16.0,25,34,153,54,41,27,57.0,37,126,31.0,7.0,48,0.0,31,163,144,96,38.0,1,5.0,20.0,110,7.0,10.0,70.0,23,67,43,15.0,4.0,37.0,3.0,11.0,18.0,24,22.0,105,22.0,56,5.0,30,21.0,1.0,5.0,22,1.0,2.0,56.0,0.0,33.0,21.0,20,17,7.0,8.0,0.0,0.0,21.0,33.0,14.0,3.0,0.0,5.0,22.0,38.0,13.0,0.0,26.0,14.0,19,14.0,50,43.0,10,23.0,6.0,1.0,0.0,40.0,4.0,1.0,6.0,9.0,0.0,0.0,9.0,2.0,12.0,9.0,15.0,14.0,33.0,0.0,8.0,0.0,8.0,1.0,2.0,11.0,4.0,4.0,0.0,6.0,2.0,4.0,0.0,0.0,0.0,1.0,1.0,7.0,9.0,0.0,1.0,2.0,11.0,1.0,3.0,0.0,10.0,0.0,2.0,1.0,0.0,0.0,0.0,0.0,0.0,0.0,0.0,0.0,0.0,0.0,0.0,0.0,0.0,0.0,0.0,1.0,0.0,0.0,1.0,0.0,0.0,0.0,0.0,0.0,0.0,0.0,0.0,0.0,0.0,0.05739060474679301,0.07053144415143253,0.1011040092969204,0.08923702677334287,0.13277164439279487,0.015085147275734144,0.016493094354802663,0.07383900236892683,0.05082018504447325,0.015599159701425825,0.05642962499441291,0.08816430518929066,0.010012068117820587,0.016493094354802663,0.053837214499620076,0.02532069905689894,0.028181289947704823,0.023510481383810844,0.005877620345952711,0.014258257721360568,0.031913467125553124,0.013431368166986993,0.000983328118714522,0.004335583068877665,0.0027711974254681984,0.0001340901980065257,10530,4.249382716049383,25.891625615763548,5708.998525007818
Mordecai,97,608,0.0,378,59.0,0.0,24,210,33.0,20.0,11,44,101,56,20,44,28.0,33,80,9.0,2.0,66,1.0,34,178,35,62,12.0,5,7.0,26.0,30,7.0,12.0,0.0,12,57,51,25.0,3.0,48.0,5.0,4.0,11.0,8,23.0,36,0.0,26,0.0,20,13.0,1.0,11.0,13,0.0,2.0,12.0,3.0,7.0,15.0,5,3,19.0,5.0,1.0,34.0,10.0,13.0,5.0,5.0,4.0,1.0,2.0,3.0,3.0,0.0,35.0,0.0,19,12.0,33,11.0,9,6.0,3.0,0.0,0.0,4.0,0.0,0.0,4.0,14.0,0.0,1.0,2.0,5.0,4.0,6.0,11.0,21.0,10.0,0.0,5.0,0.0,0.0,2.0,1.0,0.0,6.0,3.0,1.0,4.0,1.0,0.0,0.0,1.0,0.0,0.0,0.0,4.0,6.0,0.0,4.0,0.0,0.0,0.0,1.0,0.0,1.0,0.0,4.0,0.0,1.0,0.0,0.0,2.0,0.0,5.0,0.0,0.0,0.0,0.0,0.0,0.0,0.0,1.0,0.0,1.0,1.0,0.0,1.0,0.0,0.0,0.0,0.0,0.0,0.0,0.0,0.0,0.0,0.0,0.05839171106170561,0.07793951088552373,0.10088510424094971,0.08892990477788498,0.1340240781911993,0.009983640253366333,0.023532866311506355,0.06808171483703175,0.049708460925374384,0.01992533243844121,0.05021183774487185,0.08540626704140275,0.00922857502412014,0.021519359033516507,0.05239313729602752,0.023239229833466168,0.020512605394521582,0.02705650404798859,0.01208104366793909,0.014388187423969126,0.026595075296782584,0.012332732077687822,0.0005033768194974621,0.0028944167121104074,0.0004194806829145518,0.002055455346281304,5736,4.156032078103208,33.8562874251497,3117.992239607366
Unknown,266,1136,117.0,865,58.0,31.0,103,538,63.0,50.0,58,166,249,177,101,363,34.0,72,100,34.0,27.0,342,13.0,274,227,63,192,51.0,88,24.0,22.0,93,33.0,93.0,5.0,105,52,211,240.0,4.0,30.0,2.0,28.0,10.0,135,68.0,167,33.0,264,7.0,77,25.0,0.0,9.0,98,1.0,26.0,237.0,36.0,33.0,43.0,99,32,44.0,38.0,2.0,15.0,44.0,279.0,22.0,24.0,29.0,36.0,45.0,24.0,34.0,4.0,65.0,21.0,136,15.0,154,80.0,59,97.0,49.0,1.0,7.0,252.0,8.0,5.0,11.0,80.0,0.0,0.0,2.0,6.0,29.0,6.0,32.0,7.0,48.0,1.0,54.0,0.0,2.0,10.0,22.0,0.0,11.0,4.0,7.0,77.0,33.0,33.0,1.0,15.0,0.0,0.0,0.0,6.0,16.0,0.0,3.0,2.0,1.0,0.0,8.0,1.0,4.0,16.0,26.0,1.0,1.0,0.0,5.0,0.0,0.0,0.0,1.0,0.0,0.0,0.0,0.0,0.0,0.0,0.0,0.0,0.0,0.0,0.0,3.0,0.0,0.0,2.0,0.0,0.0,1.0,1.0,0.0,0.0,0.0,0.06373470666775662,0.06696367748440012,0.09973023788114117,0.09151475517044061,0.12718330199732963,0.013392735496880024,0.016771574157333987,0.0728357720918826,0.04483773399820159,0.01784789776288182,0.051758903512357284,0.07787678138368893,0.007970244420828906,0.02479631597591215,0.060028883620807105,0.02682634404207199,0.023324886236682198,0.027616556309436224,0.008338101855636394,0.014073952968745742,0.03664949998637565,0.02030028066159841,0.00043597918199405976,0.0017302923785389248,0.0002724869887462874,0.0006539687729910896,18281,4.014988239155407,17.039252336448598,10378.997465871005
David and others,864,2980,440.0,1627,97.0,12.0,211,1509,44.0,239.0,91,419,601,171,269,566,58.0,123,395,43.0,47.0,614,19.0,531,566,405,758,110.0,142,69.0,35.0,317,69.0,101.0,142.0,279,301,277,529.0,7.0,34.0,8.0,72.0,8.0,262,129.0,456,793.0,399,3.0,182,86.0,3.0,30.0,149,0.0,15.0,563.0,55.0,31.0,24.0,356,53,22.0,22.0,4.0,34.0,23.0,828.0,43.0,28.0,39.0,59.0,123.0,77.0,37.0,14.0,43.0,23.0,196,36.0,345,791.0,93,314.0,189.0,3.0,2.0,662.0,146.0,1.0,20.0,34.0,2.0,0.0,3.0,17.0,32.0,34.0,68.0,45.0,81.0,0.0,57.0,3.0,12.0,6.0,40.0,17.0,25.0,4.0,23.0,28.0,104.0,96.0,0.0,19.0,3.0,1.0,3.0,26.0,56.0,1.0,10.0,4.0,3.0,1.0,5.0,0.0,3.0,10.0,50.0,7.0,0.0,0.0,12.0,0.0,1.0,4.0,6.0,0.0,0.0,0.0,0.0,0.0,0.0,0.0,0.0,0.0,1.0,0.0,4.0,0.0,0.0,1.0,0.0,0.0,0.0,0.0,1.0,1.0,0.0,0.06185728600457912,0.059903603396832684,0.0986693686078472,0.08613557101832207,0.1302865587756176,0.011862044257348702,0.019391279522159462,0.076848581200983,0.043524017980597525,0.01623963680536507,0.056712775068994664,0.07140737921035396,0.011352631313781579,0.01857957757911295,0.058812004232045995,0.0273571544528849,0.02441263568017824,0.030083353392634224,0.007456461987158315,0.0147058000302289,0.04568482453243169,0.022498138683475426,0.0005150108880019257,0.0017633524969631151,0.0003078869439141947,0.0006213718322631929,44233,4.038545882033776,17.953271028037385,24969.996988305895
Solomon and others,239,1162,8.0,540,12.0,17.0,30,607,3.0,33.0,54,188,319,126,71,279,4.0,26,62,15.0,16.0,272,3.0,436,277,59,153,18.0,58,10.0,21.0,40,13.0,171.0,2.0,48,48,105,259.0,0.0,2.0,0.0,5.0,3.0,115,65.0,52,87.0,200,2.0,245,23.0,0.0,5.0,33,0.0,6.0,102.0,19.0,15.0,3.0,53,63,10.0,2.0,0.0,104.0,6.0,83.0,12.0,17.0,43.0,17.0,12.0,3.0,14.0,18.0,12.0,4.0,89,1.0,125,110.0,23,61.0,8.0,0.0,3.0,35.0,4.0,0.0,8.0,29.0,0.0,3.0,0.0,4.0,16.0,8.0,20.0,5.0,55.0,0.0,33.0,27.0,3.0,1.0,10.0,0.0,1.0,0.0,9.0,12.0,15.0,55.0,3.0,19.0,0.0,0.0,0.0,13.0,14.0,2.0,2.0,1.0,1.0,0.0,14.0,1.0,0.0,16.0,10.0,0.0,0.0,0.0,6.0,0.0,0.0,0.0,0.0,0.0,4.0,0.0,0.0,0.0,0.0,3.0,0.0,0.0,0.0,0.0,0.0,0.0,0.0,0.0,0.0,0.0,0.0,0.0,3.0,0.0,0.0,0.06468700093290958,0.06354853501573296,0.10790126970573818,0.09107727337412837,0.12674920544566198,0.015448350015021425,0.01785177806239426,0.0728618186993027,0.03733219486741616,0.016207327293139163,0.05532628116945749,0.07305156301883213,0.008601742485334345,0.02182059674588492,0.06394383568141929,0.02694369337317964,0.026627452840630585,0.02082443906835539,0.008222253846275477,0.013788087219138876,0.03992536723431842,0.015574846228041048,0.000395300665686321,0.0013440222633334914,1.581202662745284e-05,0.0002371803994117926,15614,4.050403484052773,17.02185792349727,8144.990307227677
Solomon,121,538,41.0,321,27.0,3.0,27,301,13.0,17.0,57,84,188,72,30,91,8.0,57,18,38.0,15.0,102,2.0,240,184,25,109,45.0,45,8.0,18.0,11,5.0,62.0,8.0,42,82,53,72.0,5.0,13.0,0.0,17.0,3.0,56,17.0,36,0.0,86,3.0,40,13.0,0.0,12.0,16,0.0,6.0,55.0,2.0,14.0,14.0,22,23,24.0,7.0,4.0,15.0,9.0,120.0,8.0,19.0,41.0,18.0,11.0,10.0,16.0,1.0,13.0,0.0,64,0.0,68,89.0,23,29.0,6.0,3.0,5.0,55.0,6.0,1.0,6.0,16.0,0.0,0.0,3.0,1.0,19.0,7.0,15.0,3.0,25.0,1.0,31.0,4.0,1.0,3.0,5.0,0.0,9.0,1.0,3.0,19.0,23.0,15.0,1.0,5.0,0.0,0.0,3.0,11.0,18.0,2.0,2.0,0.0,0.0,0.0,11.0,1.0,4.0,9.0,11.0,1.0,1.0,0.0,5.0,0.0,0.0,0.0,0.0,0.0,3.0,0.0,0.0,0.0,0.0,0.0,0.0,0.0,0.0,0.0,2.0,0.0,0.0,0.0,1.0,0.0,0.0,1.0,1.0,0.0,0.0,0.06549883421278685,0.06467051171922936,0.10151552337710149,0.08666707571481164,0.12759234261872623,0.015462019879739846,0.016842557369002333,0.07838385077923672,0.03871640692109461,0.015584734323229843,0.05301263958767947,0.0789974229966867,0.012670266290342373,0.023070315376119768,0.0598846484231194,0.023469137317462266,0.024788317584979753,0.02711989201128973,0.008712725487789914,0.011964658240274881,0.039728801079887105,0.0196956681801448,0.0007056080500674929,0.0014725733218799854,6.135722174499939e-05,0.000398821941342496,8331,3.912615532349058,24.49852507374631,4601.996686710027
Isaiah,562,3018,136.0,2131,70.0,12.0,166,1523,65.0,63.0,113,550,676,369,229,409,26.0,101,212,108.0,81.0,347,24.0,391,586,259,525,69.0,163,49.0,58.0,223,85.0,70.0,55.0,260,196,169,1128.0,6.0,22.0,51.0,46.0,27.0,189,80.0,364,483.0,373,9.0,133,65.0,0.0,41.0,117,2.0,23.0,277.0,77.0,63.0,22.0,310,80,28.0,7.0,0.0,66.0,41.0,284.0,73.0,36.0,15.0,46.0,238.0,74.0,65.0,6.0,44.0,87.0,249,21.0,301,302.0,48,241.0,72.0,0.0,6.0,182.0,21.0,5.0,12.0,23.0,3.0,2.0,2.0,7.0,31.0,12.0,36.0,11.0,88.0,3.0,94.0,0.0,13.0,13.0,54.0,13.0,25.0,7.0,12.0,33.0,72.0,46.0,2.0,26.0,0.0,4.0,1.0,22.0,29.0,1.0,4.0,2.0,0.0,0.0,3.0,1.0,7.0,13.0,13.0,2.0,1.0,0.0,2.0,2.0,1.0,0.0,1.0,0.0,1.0,0.0,0.0,0.0,0.0,0.0,0.0,0.0,0.0,0.0,5.0,0.0,0.0,0.0,1.0,0.0,1.0,0.0,0.0,0.0,0.0,0.05768900059527746,0.06493154309147431,0.09841920761955156,0.0886500429922614,0.126589060123024,0.01470335339638865,0.016714068390766584,0.0738937760433891,0.044420927310007276,0.015053905681592698,0.05610159402076857,0.08499900787089093,0.009187115549970237,0.017983993650373703,0.06114160989483432,0.023301805674978505,0.025887955552615912,0.02242873205899861,0.007421125735829089,0.013314372643693366,0.05161717044778094,0.020153449302202527,0.00041008003174813147,0.0019048878894106754,0.000892916198161254,0.0004034658376876778,37282,4.055308191620621,28.814241486068113,21452.99821416761
Jeremiah,778,4102,130.0,2469,117.0,31.0,198,2207,99.0,81.0,107,399,700,300,275,300,85.0,198,449,68.0,65.0,320,14.0,387,793,481,565,63.0,221,42.0,97.0,352,74.0,120.0,99.0,409,429,181,712.0,13.0,85.0,180.0,115.0,64.0,217,84.0,564,776.0,481,11.0,188,169.0,1.0,51.0,161,10.0,20.0,305.0,84.0,51.0,35.0,439,76,41.0,12.0,3.0,200.0,57.0,315.0,106.0,40.0,16.0,17.0,256.0,95.0,72.0,9.0,142.0,135.0,177,26.0,288,184.0,33,277.0,85.0,3.0,4.0,282.0,21.0,1.0,39.0,58.0,0.0,1.0,23.0,15.0,47.0,23.0,76.0,33.0,145.0,0.0,113.0,0.0,20.0,26.0,91.0,4.0,20.0,8.0,15.0,31.0,69.0,62.0,6.0,15.0,6.0,0.0,21.0,23.0,49.0,2.0,8.0,3.0,1.0,0.0,3.0,3.0,12.0,13.0,38.0,6.0,0.0,0.0,2.0,0.0,1.0,1.0,2.0,1.0,0.0,0.0,0.0,0.0,1.0,3.0,0.0,0.0,1.0,0.0,1.0,0.0,0.0,0.0,0.0,0.0,0.0,0.0,0.0,0.0,0.0,0.06018893816328369,0.06734167289219505,0.09867594932684819,0.08965820524639846,0.1261477490078892,0.014983654676563932,0.015502890234662682,0.07573951329613911,0.04523707341884825,0.017145370061301585,0.05388923327982028,0.08389892920911947,0.009748912519405104,0.01765930729737892,0.055097250700703086,0.026359152056543694,0.025161731279703718,0.02347686487689349,0.007815024981588332,0.014591578846979161,0.04484499758926348,0.02013362368138011,0.0001483530165996429,0.003406821059770371,0.001192122454818559,0.0003020043552207016,46321,4.0745881997366205,30.452569169960473,26735.99834692353
Ezekiel,678,3603,257.0,2426,216.0,28.0,249,1710,72.0,17.0,87,414,623,386,207,286,146.0,158,342,125.0,72.0,217,22.0,204,534,429,340,93.0,98,43.0,89.0,346,70.0,158.0,7.0,265,275,107,854.0,10.0,68.0,154.0,68.0,54.0,129,159.0,527,439.0,217,9.0,109,117.0,10.0,22.0,134,1.0,17.0,338.0,114.0,119.0,19.0,400,93,16.0,9.0,0.0,141.0,29.0,262.0,88.0,68.0,20.0,19.0,195.0,8.0,77.0,0.0,96.0,130.0,143,17.0,306,337.0,1,313.0,87.0,2.0,0.0,229.0,4.0,0.0,38.0,33.0,1.0,1.0,18.0,2.0,35.0,15.0,49.0,48.0,189.0,7.0,61.0,0.0,16.0,14.0,92.0,10.0,13.0,3.0,8.0,23.0,44.0,75.0,2.0,5.0,6.0,3.0,11.0,29.0,73.0,2.0,4.0,0.0,1.0,0.0,7.0,5.0,25.0,14.0,5.0,7.0,1.0,0.0,7.0,4.0,0.0,1.0,0.0,1.0,1.0,0.0,1.0,0.0,0.0,1.0,0.0,4.0,2.0,0.0,2.0,0.0,0.0,0.0,2.0,0.0,0.0,0.0,0.0,0.0,0.0,0.05872108266020799,0.0656562503901422,0.10499506860260428,0.08954543752106768,0.12777313075069602,0.015636899337070374,0.014956491341964319,0.07300340828225071,0.046617311077541544,0.01559320341077916,0.052516261126855514,0.08282874942258954,0.00820234959237943,0.02040599757799723,0.0581530356184222,0.02747225308680508,0.02526248767150651,0.02346471241838225,0.005461990786401828,0.013527010324723155,0.045456247893232125,0.02122373562716139,0.0004119901621743093,0.0010299754054357733,0.0002184796314560731,0.0005493202162324124,39573,4.0481641523260805,31.05577376276512,23198.998682879926
Daniel,187,1060,66.0,874,118.0,4.0,44,487,58.0,19.0,32,124,174,76,41,171,32.0,68,93,26.0,17.0,187,20.0,76,199,50,96,12.0,18,3.0,6.0,24,28.0,25.0,22.0,45,63,81,252.0,0.0,36.0,10.0,12.0,25.0,25,20.0,70,30.0,72,14.0,71,29.0,4.0,25.0,21,0.0,1.0,51.0,4.0,30.0,16.0,25,20,12.0,11.0,0.0,5.0,25.0,62.0,20.0,4.0,10.0,7.0,19.0,22.0,15.0,0.0,73.0,7.0,43,9.0,80,72.0,5,59.0,17.0,1.0,0.0,75.0,17.0,0.0,3.0,9.0,0.0,2.0,8.0,5.0,11.0,6.0,17.0,10.0,35.0,0.0,18.0,2.0,1.0,5.0,2.0,1.0,3.0,5.0,3.0,9.0,21.0,10.0,1.0,9.0,0.0,0.0,1.0,20.0,6.0,0.0,5.0,0.0,4.0,0.0,5.0,0.0,0.0,2.0,5.0,1.0,0.0,0.0,2.0,0.0,0.0,0.0,0.0,0.0,0.0,0.0,0.0,0.0,1.0,0.0,0.0,0.0,0.0,0.0,0.0,0.0,0.0,0.0,0.0,0.0,0.0,0.0,0.0,0.0,0.0,0.06172686788718456,0.080529440870856,0.09502309087910275,0.08452911100115454,0.12825746330199572,0.014534883720930232,0.02144153059541481,0.06803562592775854,0.052717301665841994,0.01834900214415306,0.04952168893287152,0.08588982351970971,0.009298202210127,0.01991588322612568,0.05914976084446644,0.022719775688603002,0.023276430809830117,0.024513442190334817,0.01098878443015009,0.012885535213590631,0.03768761339270988,0.013091703777008083,0.0006185056902523503,0.0007834405409863104,0.002247237341250206,0.0002886359887844301,11671,4.155942078656499,32.61064425770308,6507.998020781793
Hosea,91,329,30.0,267,11.0,8.0,22,175,11.0,6.0,15,54,43,30,27,52,8.0,5,45,3.0,7.0,41,0.0,56,76,81,79,16.0,24,2.0,2.0,77,11.0,7.0,4.0,53,20,28,147.0,2.0,4.0,1.0,19.0,2.0,27,15.0,113,47.0,56,2.0,24,7.0,0.0,1.0,18,1.0,2.0,23.0,9.0,9.0,3.0,93,15,6.0,2.0,0.0,54.0,13.0,41.0,21.0,9.0,2.0,8.0,18.0,9.0,4.0,1.0,11.0,13.0,63,4.0,41,24.0,3,23.0,7.0,1.0,0.0,38.0,1.0,0.0,1.0,2.0,0.0,0.0,3.0,0.0,16.0,0.0,10.0,8.0,26.0,0.0,14.0,0.0,2.0,0.0,10.0,1.0,2.0,1.0,1.0,0.0,14.0,3.0,0.0,5.0,0.0,0.0,0.0,3.0,8.0,0.0,0.0,0.0,0.0,0.0,0.0,0.0,0.0,1.0,5.0,0.0,0.0,0.0,0.0,0.0,0.0,0.0,0.0,0.0,0.0,0.0,0.0,0.0,0.0,0.0,0.0,0.0,0.0,0.0,0.0,0.0,0.0,0.0,0.0,0.0,0.0,0.0,0.0,0.0,0.0,0.06571171937786602,0.0602751382782584,0.08859263461447549,0.0842433697347894,0.12962700326194865,0.014466033186782017,0.015695173261475914,0.06892639341937314,0.04325627570557368,0.015836997116248287,0.06032241289651586,0.08306150427835295,0.009785845979293717,0.021982697489717772,0.05743866118281095,0.02335366141918404,0.024582801493877936,0.027135630879780645,0.007658488157708127,0.01441875856852456,0.05611497187160214,0.022124521344490142,0.000330922327802203,0.0022219070581005057,0.0005200208008320333,0.000661844655604406,5209,4.060856210405068,26.431472081218274,3009.998345388361
Joel,29,216,11.0,140,0.0,1.0,10,80,1.0,9.0,4,23,21,12,10,9,0.0,4,6,3.0,2.0,16,1.0,26,19,16,41,7.0,20,0.0,2.0,13,1.0,0.0,2.0,11,16,3,60.0,0.0,0.0,0.0,7.0,0.0,8,2.0,20,33.0,9,0.0,3,9.0,0.0,2.0,5,0.0,1.0,0.0,0.0,1.0,2.0,25,2,1.0,0.0,0.0,4.0,1.0,18.0,1.0,3.0,0.0,5.0,30.0,0.0,2.0,0.0,3.0,29.0,7,0.0,12,2.0,2,2.0,0.0,0.0,0.0,4.0,2.0,0.0,1.0,2.0,0.0,1.0,0.0,0.0,0.0,3.0,5.0,0.0,0.0,0.0,3.0,0.0,0.0,1.0,4.0,0.0,2.0,0.0,0.0,1.0,7.0,1.0,0.0,0.0,0.0,0.0,1.0,1.0,5.0,0.0,0.0,0.0,0.0,0.0,1.0,0.0,0.0,1.0,1.0,0.0,0.0,0.0,0.0,0.0,0.0,0.0,0.0,0.0,1.0,0.0,0.0,0.0,0.0,0.0,0.0,0.0,0.0,0.0,0.0,0.0,0.0,0.0,0.0,0.0,0.0,0.0,0.0,0.0,0.0,0.05234225621414914,0.06656309751434035,0.08819311663479923,0.07970841300191205,0.13217017208413,0.012308795411089866,0.01410133843212237,0.0731357552581262,0.04875717017208413,0.015893881453154877,0.06381453154875717,0.08640057361376673,0.008484703632887189,0.01828393881453155,0.05449330783938815,0.02354206500956023,0.027127151051625237,0.024020076481835562,0.00621414913957935,0.015893881453154877,0.0607074569789675,0.02258604206500956,0.0002390057361376673,0.0025095602294455065,0.0009560229445506692,0.00011950286806883365,2044,4.0939334637964775,27.986301369863014,1144.9985659655833
Amos,67,413,35.0,243,8.0,0.0,28,198,13.0,2.0,11,32,69,32,27,34,3.0,20,29,7.0,4.0,26,2.0,32,53,30,54,8.0,13,8.0,6.0,15,4.0,4.0,1.0,31,20,15,104.0,0.0,1.0,21.0,9.0,1.0,8,5.0,40,85.0,59,0.0,21,18.0,0.0,3.0,18,6.0,1.0,7.0,1.0,18.0,0.0,70,10,4.0,0.0,0.0,3.0,2.0,8.0,12.0,5.0,2.0,1.0,36.0,5.0,5.0,1.0,8.0,29.0,20,5.0,28,13.0,5,9.0,0.0,0.0,0.0,18.0,1.0,0.0,5.0,3.0,0.0,0.0,0.0,1.0,10.0,0.0,4.0,0.0,23.0,0.0,7.0,0.0,3.0,0.0,9.0,0.0,0.0,0.0,0.0,4.0,5.0,0.0,2.0,4.0,0.0,0.0,0.0,1.0,4.0,0.0,0.0,0.0,1.0,0.0,0.0,0.0,0.0,0.0,0.0,0.0,0.0,0.0,1.0,0.0,0.0,0.0,0.0,0.0,0.0,0.0,0.0,0.0,0.0,0.0,0.0,0.0,0.0,0.0,0.0,0.0,0.0,0.0,0.0,0.0,0.0,0.0,0.0,0.0,0.0,0.06096055493504203,0.06395861501381458,0.09970019399212274,0.08629710187525719,0.11974604667568044,0.013403092116865557,0.015636940803009817,0.07718535065545823,0.04555875609899477,0.014520016459937687,0.05472929281053436,0.08470989359825995,0.008935394744577038,0.017929574980894716,0.060607841984598204,0.02657104226676856,0.027452824642878137,0.021339133501851744,0.006231262124507671,0.015460584327787902,0.053494797483980956,0.020927635059667275,0.00023514196696255364,0.001587208276997237,0.0007642113926282993,0.00023514196696255364,4242,4.0101367279585105,29.02054794520548,2410.998177649756
Obadiah,17,62,1.0,28,0.0,0.0,5,41,0.0,1.0,3,10,12,2,1,1,1.0,1,2,2.0,0.0,6,1.0,5,7,3,6,0.0,2,1.0,1.0,7,0.0,0.0,0.0,15,3,1,23.0,0.0,2.0,1.0,0.0,0.0,2,0.0,12,7.0,8,1.0,2,2.0,1.0,0.0,3,1.0,0.0,16.0,1.0,0.0,0.0,1,1,0.0,2.0,0.0,1.0,0.0,2.0,0.0,0.0,0.0,2.0,2.0,1.0,4.0,0.0,0.0,0.0,5,2.0,1,8.0,1,12.0,1.0,0.0,7.0,1.0,1.0,0.0,0.0,3.0,0.0,0.0,1.0,0.0,0.0,2.0,0.0,0.0,2.0,0.0,0.0,0.0,0.0,0.0,0.0,0.0,1.0,0.0,1.0,0.0,0.0,2.0,0.0,0.0,0.0,0.0,0.0,0.0,3.0,0.0,0.0,0.0,1.0,0.0,0.0,0.0,0.0,0.0,3.0,0.0,0.0,0.0,0.0,0.0,0.0,0.0,0.0,0.0,0.0,0.0,0.0,0.0,0.0,0.0,0.0,0.0,0.0,0.0,0.0,0.0,0.0,0.0,0.0,0.0,0.0,0.0,0.0,0.0,0.0,0.051381998582565556,0.06307583274273565,0.10453579021970234,0.09922041105598867,0.1307583274273565,0.013111268603827072,0.013819985825655563,0.07973068745570518,0.04819277108433735,0.01630049610205528,0.04216867469879518,0.08398299078667612,0.013111268603827072,0.00885896527285613,0.06803685329553508,0.0336640680368533,0.024805102763997167,0.01771793054571226,0.003543586109142452,0.013111268603827072,0.04323175053153792,0.020907158043940468,0.00035435861091424523,0.003543586109142452,0.0010630758327427356,0.0,673,4.193164933135216,32.0,404.9982282069455
Jonah,12,100,16.0,85,13.0,0.0,9,35,18.0,6.0,2,11,26,19,14,20,4.0,3,30,2.0,3.0,10,2.0,10,31,11,19,1.0,1,2.0,3.0,7,0.0,4.0,0.0,1,1,10,3.0,1.0,4.0,0.0,1.0,0.0,1,4.0,9,26.0,11,1.0,8,9.0,0.0,0.0,6,0.0,0.0,13.0,0.0,1.0,1.0,5,2,6.0,2.0,0.0,2.0,4.0,10.0,2.0,1.0,3.0,1.0,0.0,7.0,2.0,0.0,9.0,0.0,1,2.0,5,6.0,1,11.0,5.0,0.0,0.0,14.0,1.0,1.0,1.0,2.0,0.0,0.0,0.0,0.0,4.0,0.0,3.0,1.0,2.0,0.0,0.0,0.0,0.0,1.0,0.0,0.0,0.0,1.0,0.0,0.0,1.0,2.0,0.0,1.0,0.0,0.0,0.0,0.0,0.0,0.0,0.0,0.0,0.0,0.0,1.0,0.0,0.0,0.0,0.0,0.0,0.0,0.0,0.0,0.0,0.0,0.0,0.0,0.0,0.0,0.0,0.0,0.0,0.0,0.0,0.0,0.0,0.0,0.0,0.0,0.0,0.0,0.0,0.0,0.0,0.0,0.0,0.0,0.0,0.0,0.05785448127083742,0.07079819572465189,0.10629535202980976,0.08040792312218081,0.12708374191017846,0.011767013139831339,0.016669935281427732,0.08295744263581094,0.05648166307119043,0.020200039223377132,0.05099039027260247,0.08099627377917239,0.009413610511865072,0.022749558737007257,0.05236320847224946,0.026475779564620515,0.02294567562267111,0.024514610707981957,0.004902922141596391,0.01627770151010002,0.03059423416356148,0.018827221023730144,0.0013728181996469895,0.0041184545989409686,0.0,0.0,1333,3.8252063015753937,27.6875,763.9970582467153
Micah,57,263,13.0,162,1.0,0.0,11,166,2.0,6.0,7,38,43,21,28,35,1.0,7,26,2.0,9.0,24,1.0,35,37,24,47,5.0,9,2.0,3.0,30,11.0,12.0,10.0,18,17,8,88.0,1.0,0.0,3.0,7.0,1.0,12,8.0,36,42.0,30,0.0,13,9.0,0.0,0.0,16,0.0,1.0,27.0,17.0,12.0,1.0,48,7,8.0,0.0,0.0,12.0,9.0,19.0,11.0,3.0,1.0,1.0,24.0,4.0,3.0,0.0,5.0,3.0,27,0.0,22,27.0,6,32.0,1.0,0.0,0.0,10.0,5.0,0.0,1.0,2.0,1.0,0.0,0.0,1.0,4.0,0.0,6.0,1.0,7.0,0.0,5.0,0.0,2.0,0.0,5.0,0.0,1.0,0.0,2.0,1.0,5.0,8.0,0.0,0.0,0.0,0.0,0.0,6.0,7.0,0.0,0.0,0.0,0.0,0.0,0.0,0.0,0.0,3.0,1.0,1.0,0.0,0.0,0.0,0.0,0.0,0.0,0.0,1.0,0.0,0.0,0.0,0.0,0.0,0.0,0.0,0.0,0.0,0.0,0.0,0.0,0.0,0.0,0.0,0.0,0.0,0.0,0.0,0.0,0.0,0.06116520100502513,0.06320665829145729,0.098696608040201,0.0889604271356784,0.1250785175879397,0.013426507537688441,0.01617462311557789,0.07985238693467336,0.039808417085427136,0.014368718592964824,0.05417713567839196,0.08220791457286432,0.008951005025125629,0.017823492462311557,0.05684673366834171,0.02551821608040201,0.030307788944723617,0.02394786432160804,0.0064384422110552765,0.01507537688442211,0.052763819095477386,0.018608668341708542,0.0003925879396984925,0.0027481155778894474,0.0011777638190954773,0.00047110552763819093,3172,4.015132408575032,30.18095238095238,1874.998194095477
Nahum,22,128,1.0,74,5.0,0.0,8,53,0.0,0.0,6,18,13,6,4,9,4.0,1,1,2.0,0.0,17,1.0,23,4,5,14,3.0,4,0.0,0.0,6,9.0,1.0,0.0,2,12,4,38.0,0.0,1.0,2.0,2.0,0.0,7,2.0,19,13.0,5,0.0,4,3.0,0.0,1.0,5,0.0,3.0,6.0,3.0,2.0,0.0,16,3,1.0,0.0,0.0,11.0,1.0,0.0,0.0,4.0,1.0,1.0,2.0,0.0,0.0,0.0,0.0,0.0,10,1.0,6,31.0,3,21.0,1.0,0.0,0.0,0.0,0.0,1.0,0.0,1.0,0.0,0.0,0.0,0.0,3.0,0.0,1.0,0.0,1.0,0.0,7.0,0.0,1.0,0.0,1.0,0.0,0.0,0.0,2.0,0.0,6.0,1.0,0.0,0.0,0.0,0.0,0.0,3.0,1.0,0.0,0.0,0.0,0.0,0.0,1.0,0.0,0.0,0.0,0.0,0.0,0.0,0.0,0.0,0.0,0.0,0.0,0.0,0.0,0.0,0.0,0.0,0.0,0.0,0.0,0.0,0.0,0.0,0.0,0.0,0.0,0.0,0.0,0.0,0.0,0.0,0.0,0.0,0.0,0.0,0.058390127095229324,0.06281083072389022,0.09707128384601216,0.09044022840302081,0.13262110885982686,0.014735678762202983,0.01639344262295082,0.06410020261558298,0.04015472462700313,0.01841959845275373,0.053416835512985816,0.0790200773623135,0.008288819303739179,0.020814146251611716,0.06483698655369313,0.024498065942162462,0.025603241849327683,0.02044575428255664,0.011235955056179775,0.015472462700313133,0.057653343157119175,0.019524774359918954,0.0003683919690550746,0.0009209799226376865,0.0005525879535826119,0.0005525879535826119,1292,4.202012383900929,27.46808510638298,719.9983422361393
Habakkuk,20,126,6.0,80,9.0,0.0,7,50,1.0,2.0,4,12,29,15,6,15,1.0,6,14,2.0,3.0,24,0.0,14,21,12,21,4.0,1,3.0,1.0,16,5.0,2.0,0.0,2,10,15,40.0,0.0,1.0,0.0,6.0,1.0,8,4.0,16,13.0,17,0.0,4,1.0,0.0,0.0,6,0.0,0.0,22.0,1.0,1.0,0.0,12,2,3.0,0.0,0.0,0.0,0.0,9.0,5.0,2.0,4.0,1.0,2.0,1.0,2.0,0.0,1.0,1.0,11,3.0,11,14.0,1,7.0,5.0,0.0,0.0,8.0,0.0,0.0,0.0,0.0,0.0,0.0,0.0,0.0,2.0,0.0,0.0,1.0,7.0,0.0,4.0,0.0,3.0,1.0,2.0,6.0,0.0,0.0,0.0,0.0,1.0,5.0,0.0,1.0,0.0,0.0,0.0,2.0,1.0,0.0,0.0,0.0,0.0,0.0,0.0,0.0,0.0,1.0,2.0,0.0,0.0,0.0,0.0,0.0,0.0,0.0,0.0,0.0,0.0,0.0,0.0,0.0,0.0,0.0,0.0,0.0,0.0,0.0,0.0,0.0,0.0,0.0,0.0,0.0,0.0,0.0,0.0,0.0,0.0,0.06269088570969297,0.06220864812731072,0.10882494775759524,0.09146439479183412,0.1260247548625623,0.013663398167497186,0.016396077800996625,0.07137116219257354,0.04324063655360874,0.017039061244172964,0.05159942131490114,0.07940845523227777,0.012216685420350426,0.01912875743449606,0.05770776402507635,0.02475486256228902,0.022022182928789585,0.022504420511171838,0.008037293039704227,0.014949365053849863,0.052081658897283396,0.017842790548143386,0.00016074586079408456,0.0014467127471467609,0.0,0.0008037293039704227,1488,4.180779569892473,26.5,844.997588812088
Zephaniah,29,158,5.0,72,2.0,0.0,9,76,3.0,1.0,6,23,39,8,9,14,0.0,3,3,3.0,1.0,8,0.0,15,19,16,22,5.0,4,3.0,4.0,20,4.0,4.0,0.0,11,19,3,43.0,1.0,0.0,0.0,3.0,0.0,12,1.0,18,34.0,18,1.0,5,0.0,0.0,1.0,7,0.0,1.0,7.0,3.0,2.0,1.0,31,2,0.0,0.0,0.0,12.0,0.0,10.0,3.0,2.0,0.0,1.0,7.0,0.0,3.0,0.0,2.0,2.0,7,0.0,10,5.0,1,9.0,1.0,0.0,0.0,4.0,0.0,0.0,1.0,0.0,0.0,0.0,0.0,1.0,0.0,2.0,4.0,0.0,6.0,0.0,4.0,0.0,0.0,0.0,1.0,0.0,1.0,0.0,0.0,0.0,2.0,2.0,0.0,0.0,1.0,0.0,0.0,0.0,1.0,0.0,0.0,0.0,0.0,0.0,0.0,0.0,0.0,0.0,1.0,0.0,0.0,0.0,0.0,0.0,0.0,0.0,0.0,0.0,0.0,0.0,1.0,0.0,0.0,0.0,0.0,0.0,0.0,0.0,0.0,0.0,1.0,0.0,0.0,0.0,0.0,0.0,0.0,0.0,0.0,0.06311044327573254,0.061307287753568744,0.098572501878287,0.08730277986476334,0.1284748309541698,0.013373403456048084,0.01517655897821187,0.07347858752817431,0.04432757325319309,0.01652892561983471,0.05424492862509391,0.08384673178061608,0.009767092411720512,0.01592787377911345,0.06010518407212622,0.020886551465063862,0.025544703230653644,0.0222389181066867,0.005709992486851991,0.01487603305785124,0.05815176558978212,0.019534184823441023,0.0,0.003305785123966942,0.0007513148009015778,0.00045078888054094667,1631,4.080318822808093,30.67924528301887,920.9969947407963
Haggai,25,143,3.0,75,2.0,0.0,11,71,4.0,0.0,4,9,11,14,8,1,3.0,2,4,6.0,2.0,4,0.0,17,14,1,7,0.0,1,0.0,3.0,5,1.0,1.0,0.0,3,7,1,6.0,0.0,1.0,5.0,1.0,1.0,1,4.0,2,35.0,7,0.0,5,1.0,0.0,0.0,3,0.0,0.0,0.0,0.0,0.0,1.0,13,1,0.0,0.0,0.0,2.0,7.0,2.0,2.0,0.0,1.0,1.0,15.0,0.0,0.0,0.0,5.0,5.0,4,3.0,11,0.0,1,3.0,0.0,0.0,0.0,2.0,0.0,0.0,1.0,2.0,0.0,0.0,0.0,0.0,5.0,2.0,2.0,1.0,6.0,2.0,1.0,0.0,0.0,0.0,1.0,0.0,0.0,0.0,0.0,4.0,0.0,0.0,0.0,0.0,0.0,0.0,0.0,0.0,2.0,0.0,0.0,1.0,0.0,0.0,2.0,0.0,0.0,0.0,1.0,0.0,0.0,0.0,0.0,0.0,0.0,0.0,0.0,0.0,0.0,0.0,0.0,0.0,0.0,0.0,0.0,0.0,0.0,0.0,0.0,0.0,0.0,0.0,0.0,0.0,0.0,0.0,0.0,0.0,0.0,0.06396008165116807,0.068496257654797,0.10161034248128828,0.08845543207076434,0.12043547289634837,0.01451576321161261,0.018598321614878656,0.08958947607167159,0.049444318439555456,0.012474484009979588,0.05239283284191427,0.07371286005897029,0.005897028804717623,0.020866409616693126,0.061011567248809254,0.024948968019959175,0.026536629621229303,0.01610342481288274,0.0052166024041732815,0.01610342481288274,0.039237922431390335,0.02222726241778181,0.0004536176003628941,0.0031753232025402587,0.0015876616012701294,0.0,1139,3.870939420544337,29.86842105263158,647.9970514855977
Zechariah,122,609,13.0,445,17.0,1.0,35,317,40.0,9.0,19,108,125,53,26,45,8.0,25,69,22.0,21.0,56,2.0,41,96,50,68,14.0,15,1.0,19.0,35,7.0,19.0,3.0,26,34,28,195.0,1.0,5.0,21.0,7.0,31.0,22,14.0,60,141.0,38,0.0,17,9.0,0.0,4.0,24,0.0,1.0,20.0,6.0,16.0,5.0,65,8,17.0,2.0,0.0,12.0,6.0,36.0,6.0,5.0,0.0,5.0,26.0,3.0,3.0,1.0,24.0,13.0,44,8.0,47,9.0,2,17.0,1.0,0.0,0.0,54.0,1.0,0.0,10.0,7.0,0.0,0.0,3.0,0.0,8.0,7.0,8.0,4.0,14.0,0.0,16.0,1.0,5.0,0.0,8.0,0.0,1.0,0.0,1.0,1.0,8.0,3.0,2.0,0.0,0.0,0.0,2.0,4.0,10.0,0.0,0.0,0.0,0.0,0.0,0.0,1.0,2.0,2.0,3.0,2.0,0.0,0.0,0.0,1.0,1.0,0.0,0.0,0.0,0.0,0.0,0.0,0.0,0.0,0.0,0.0,0.0,0.0,0.0,1.0,0.0,0.0,0.0,0.0,0.0,0.0,0.0,0.0,0.0,0.0,0.0559312096931796,0.06378737541528239,0.10252100840336134,0.09302325581395349,0.12331444205589212,0.013953488372093023,0.014461598592925543,0.07637287473128787,0.04909126441274184,0.012350986906390464,0.049755716239984364,0.08684776236075825,0.0074262263044752785,0.017236662106703146,0.06296658198162985,0.025014657025600937,0.027359781121751026,0.02243502051983584,0.005471956224350205,0.01414891538010553,0.052374438147351966,0.017510259917920656,0.0001172562048075044,0.003752198553840141,0.0009771350400625367,0.00015634160641000587,6481,3.947693257213393,30.696682464454977,3831.998358413132
Malachi,25,144,9.0,103,7.0,0.0,4,72,3.0,1.0,3,18,37,15,6,21,0.0,4,15,8.0,1.0,20,0.0,19,16,10,24,2.0,8,3.0,3.0,1,2.0,4.0,1.0,26,7,10,34.0,6.0,1.0,2.0,2.0,0.0,7,3.0,9,49.0,21,0.0,10,1.0,0.0,4.0,4,0.0,3.0,2.0,0.0,1.0,3.0,23,6,3.0,1.0,0.0,1.0,5.0,15.0,4.0,1.0,0.0,4.0,47.0,13.0,4.0,1.0,4.0,19.0,8,2.0,15,6.0,3,5.0,2.0,0.0,0.0,9.0,1.0,0.0,1.0,7.0,0.0,0.0,0.0,0.0,8.0,1.0,5.0,1.0,3.0,0.0,1.0,0.0,0.0,2.0,11.0,0.0,4.0,0.0,0.0,3.0,2.0,0.0,0.0,0.0,0.0,0.0,0.0,2.0,4.0,0.0,0.0,0.0,0.0,0.0,1.0,0.0,0.0,2.0,0.0,1.0,0.0,0.0,2.0,0.0,0.0,0.0,0.0,0.0,0.0,0.0,0.0,0.0,0.0,0.0,0.0,0.0,0.0,0.0,0.0,0.0,0.0,0.0,0.0,0.0,0.0,0.0,0.0,0.0,0.0,0.056894618834080715,0.06151905829596412,0.09389013452914798,0.08352017937219731,0.13172645739910313,0.014013452914798207,0.01499439461883408,0.07539237668161435,0.047365470852017935,0.014714125560538117,0.05815582959641256,0.0843609865470852,0.011631165919282512,0.021580717488789238,0.05913677130044843,0.026905829596412557,0.02914798206278027,0.022281390134529146,0.0049047085201793725,0.011911434977578475,0.04498318385650224,0.02648542600896861,0.0,0.001961883408071749,0.0,0.0004204035874439462,1793,3.9799219185722254,32.54545454545455,1077.9978979820626
Matthew,299,1367,49.0,1424,152.0,8.0,32,664,188.0,33.0,73,255,375,211,87,396,93.0,148,428,79.0,46.0,255,5.0,284,371,255,210,43.0,39,17.0,23.0,82,19.0,122.0,12.0,111,106,373,341.0,2.0,83.0,3.0,28.0,48.0,74,165.0,297,74.0,246,16.0,159,136.0,1.0,20.0,86,12.0,19.0,142.0,29.0,6.0,28.0,88,39,50.0,22.0,16.0,39.0,31.0,86.0,38.0,22.0,28.0,6.0,251.0,41.0,24.0,9.0,109.0,62.0,85,28.0,133,86.0,15,94.0,17.0,0.0,1.0,83.0,2.0,6.0,18.0,69.0,2.0,32.0,24.0,6.0,17.0,21.0,57.0,3.0,81.0,0.0,39.0,5.0,0.0,4.0,116.0,3.0,16.0,4.0,4.0,50.0,16.0,18.0,0.0,15.0,0.0,0.0,0.0,34.0,21.0,4.0,8.0,0.0,17.0,3.0,9.0,0.0,0.0,19.0,27.0,1.0,0.0,0.0,5.0,2.0,2.0,1.0,13.0,2.0,0.0,0.0,0.0,0.0,2.0,0.0,0.0,1.0,1.0,2.0,3.0,0.0,0.0,3.0,0.0,2.0,0.0,0.0,3.0,1.0,1.0,0.05755497419217988,0.06539327885576914,0.09319097786891041,0.08178705265603378,0.12456439833941071,0.014090766759931718,0.015787719315966505,0.06575691154634802,0.04549448995464692,0.016060443833900668,0.0443530873425521,0.07803961576145696,0.00938374359854951,0.02143412692801083,0.05917111948364158,0.02589872829567378,0.020100807062554925,0.025373481075948726,0.005919132129978485,0.012030181513318047,0.03540368279108292,0.020817971535641053,0.0004141372309370612,0.0032928960313532186,0.0004747426793668751,0.0002020181614327128,24058,4.115096849280905,22.236227824463118,13067.941990484936
Mark,168,858,45.0,1219,116.0,11.0,22,387,137.0,20.0,61,120,251,143,58,401,71.0,59,255,50.0,23.0,147,3.0,147,258,221,115,23.0,27,16.0,9.0,42,11.0,86.0,4.0,53,70,383,155.0,1.0,87.0,1.0,19.0,23.0,33,114.0,287,20.0,138,5.0,102,96.0,1.0,11.0,71,6.0,13.0,62.0,6.0,1.0,32.0,38,24,46.0,12.0,9.0,35.0,16.0,39.0,12.0,17.0,13.0,0.0,111.0,28.0,17.0,5.0,22.0,15.0,68,21.0,133,43.0,14,39.0,3.0,0.0,1.0,38.0,1.0,3.0,28.0,30.0,0.0,11.0,16.0,10.0,11.0,12.0,40.0,1.0,55.0,0.0,44.0,1.0,1.0,0.0,56.0,0.0,11.0,11.0,3.0,27.0,4.0,4.0,1.0,13.0,0.0,0.0,0.0,39.0,19.0,6.0,7.0,0.0,17.0,4.0,13.0,0.0,0.0,19.0,19.0,2.0,1.0,1.0,0.0,2.0,0.0,3.0,5.0,0.0,0.0,0.0,0.0,0.0,3.0,0.0,3.0,0.0,0.0,0.0,1.0,0.0,0.0,1.0,0.0,3.0,0.0,0.0,2.0,0.0,0.0,0.0589783505320088,0.07099870006900869,0.09524803004284958,0.0862127072266534,0.12456869573590537,0.013095601097719504,0.016321355779878352,0.06343984208245736,0.05214167642952288,0.016241113126093307,0.0415335975991398,0.08544237775031696,0.008120556563046654,0.02278891367495306,0.05978077706985926,0.02537272712683154,0.01860024714737366,0.029031792139429635,0.005873762257065366,0.01237341721365409,0.031808187960392226,0.020269294346102616,0.00035306767665420233,0.0029850267208037106,0.0004493588611962575,0.00025677649211214716,15364,4.055649570424369,22.470501474926255,8757.962285952717
Luke,687,2948,283.0,3499,549.0,16.0,79,1572,450.0,59.0,190,370,856,329,235,1032,302.0,476,705,152.0,57.0,381,25.0,364,1104,597,418,152.0,128,38.0,59.0,137,32.0,230.0,65.0,238,342,807,332.0,7.0,258.0,18.0,62.0,132.0,150,390.0,726,212.0,379,18.0,264,212.0,1.0,92.0,166,15.0,32.0,234.0,34.0,4.0,97.0,121,70,109.0,65.0,9.0,85.0,88.0,122.0,71.0,46.0,32.0,11.0,296.0,176.0,54.0,17.0,164.0,81.0,239,54.0,420,139.0,75,159.0,36.0,10.0,4.0,187.0,4.0,6.0,43.0,69.0,5.0,18.0,41.0,17.0,32.0,50.0,86.0,17.0,170.0,0.0,92.0,0.0,6.0,17.0,105.0,3.0,36.0,20.0,17.0,61.0,22.0,31.0,1.0,59.0,5.0,2.0,2.0,82.0,67.0,30.0,53.0,2.0,38.0,17.0,44.0,0.0,4.0,22.0,62.0,2.0,3.0,0.0,5.0,2.0,4.0,19.0,7.0,3.0,0.0,0.0,0.0,0.0,0.0,3.0,0.0,0.0,4.0,0.0,3.0,0.0,0.0,1.0,0.0,3.0,0.0,1.0,0.0,0.0,0.0,0.05829357498728053,0.06978909677357421,0.09302013036257692,0.08362692112008141,0.12634994384233617,0.0127146710696835,0.017696863810465483,0.06899232991907536,0.05151145712338367,0.019175202311583837,0.045972487544518145,0.08482207140182968,0.007842873736452564,0.024714171890449357,0.058192779180386095,0.026514097013564237,0.020346353591690586,0.026946079043111807,0.005361376966718185,0.015580151865682387,0.0334498084879669,0.01868562267809659,0.0006239740426798245,0.0031726680170104924,0.0004319820295475708,0.0002591892177285425,50669,4.1118237975882685,23.355885078776645,28256.97408587804
John,306,1213,145.0,1003,188.0,7.0,13,560,234.0,17.0,71,113,665,141,92,520,61.0,153,400,75.0,27.0,223,8.0,334,244,185,181,61.0,106,45.0,21.0,20,8.0,130.0,30.0,205,56,451,152.0,1.0,86.0,7.0,94.0,60.0,80,103.0,223,46.0,374,3.0,208,68.0,0.0,46.0,47,2.0,34.0,171.0,9.0,5.0,63.0,78,19,52.0,22.0,15.0,38.0,75.0,128.0,79.0,17.0,18.0,6.0,250.0,149.0,19.0,5.0,139.0,36.0,77,38.0,102,36.0,28,65.0,36.0,1.0,3.0,205.0,10.0,12.0,52.0,72.0,1.0,20.0,21.0,5.0,34.0,12.0,55.0,3.0,42.0,0.0,72.0,2.0,1.0,3.0,55.0,1.0,10.0,4.0,8.0,10.0,5.0,11.0,0.0,42.0,1.0,0.0,16.0,34.0,24.0,10.0,16.0,0.0,14.0,8.0,10.0,0.0,0.0,40.0,25.0,2.0,1.0,0.0,19.0,2.0,3.0,1.0,28.0,0.0,1.0,0.0,0.0,0.0,0.0,0.0,2.0,0.0,0.0,0.0,0.0,0.0,0.0,0.0,0.0,1.0,0.0,0.0,0.0,0.0,0.0,0.06263080728379725,0.0636604774535809,0.10010184781027208,0.09120415449529373,0.12952579211854637,0.01324021533537029,0.01404604416389663,0.06720836271250938,0.04081746857827172,0.015265979473749006,0.04160091327267233,0.07603890362511052,0.011158490861677244,0.027006457822695274,0.06073934795017292,0.026637119609620702,0.02017929691434711,0.028618115479747956,0.006961465713102553,0.010677231977974011,0.030766992355818198,0.01853406305610583,0.00031337787776024355,0.005125966714792555,0.0003245699448231094,0.00010072860356579256,22472,3.976014595941616,22.090999010880317,12751.962484191206
Paul,1032,2538,567.0,1443,150.0,59.0,46,1683,12.0,134.0,86,615,1098,265,149,353,110.0,436,394,186.0,14.0,216,15.0,724,933,216,838,238.0,171,136.0,114.0,89,40.0,230.0,204.0,324,395,219,250.0,15.0,46.0,5.0,59.0,52.0,438,100.0,220,282.0,709,6.0,592,58.0,10.0,94.0,39,1.0,20.0,128.0,22.0,7.0,94.0,130,89,93.0,55.0,19.0,35.0,148.0,164.0,105.0,73.0,25.0,32.0,455.0,401.0,53.0,36.0,100.0,182.0,358,30.0,353,48.0,158,65.0,17.0,12.0,2.0,185.0,18.0,1.0,42.0,235.0,8.0,8.0,39.0,41.0,65.0,27.0,117.0,77.0,324.0,0.0,136.0,0.0,6.0,46.0,65.0,2.0,30.0,10.0,17.0,136.0,9.0,7.0,0.0,56.0,6.0,2.0,0.0,64.0,55.0,16.0,74.0,8.0,48.0,19.0,36.0,1.0,8.0,11.0,58.0,9.0,0.0,1.0,12.0,1.0,0.0,4.0,8.0,4.0,2.0,0.0,2.0,2.0,0.0,1.0,1.0,3.0,7.0,2.0,6.0,0.0,0.0,3.0,0.0,0.0,1.0,2.0,5.0,0.0,0.0,0.06725692155113665,0.06595488871774699,0.09652772775878594,0.07636561081961582,0.12262379007906386,0.01859967753910254,0.0207494168555076,0.08292564007380034,0.037842060647027206,0.02291023730240959,0.05800971815144581,0.07105774931158476,0.01105896823593943,0.024539163485458787,0.05831444924011148,0.030744596563741435,0.02868350629131184,0.023170643869087525,0.005834215206635381,0.012538299157280025,0.03644029763916515,0.02139212242432973,0.0005429753943497316,0.002714876971748658,0.0001717575227024661,0.00027702826242333243,43694,4.130704444546162,21.449090014756518,25146.997246339066
Unknown(Hebrews),94,453,72.0,254,55.0,22.0,4,323,16.0,18.0,16,53,153,37,22,138,30.0,72,55,13.0,3.0,48,8.0,97,139,56,164,26.0,26,9.0,17.0,18,13.0,19.0,16.0,56,44,52,29.0,3.0,28.0,2.0,10.0,8.0,40,26.0,53,17.0,95,1.0,61,25.0,5.0,21.0,10,0.0,2.0,22.0,1.0,1.0,16.0,34,28,5.0,4.0,0.0,0.0,16.0,19.0,15.0,21.0,13.0,1.0,32.0,51.0,5.0,11.0,13.0,12.0,50,7.0,59,11.0,34,9.0,5.0,4.0,0.0,12.0,13.0,2.0,13.0,25.0,1.0,0.0,0.0,7.0,14.0,12.0,15.0,6.0,70.0,0.0,18.0,0.0,3.0,12.0,7.0,1.0,4.0,4.0,0.0,4.0,3.0,2.0,0.0,14.0,1.0,0.0,2.0,6.0,1.0,5.0,13.0,11.0,6.0,3.0,9.0,3.0,2.0,3.0,6.0,1.0,0.0,0.0,0.0,0.0,0.0,0.0,7.0,0.0,0.0,0.0,0.0,1.0,0.0,1.0,0.0,0.0,0.0,2.0,0.0,0.0,0.0,1.0,0.0,0.0,0.0,1.0,0.0,0.0,1.0,0.06386457304404101,0.06444361183964031,0.09918593957559863,0.08266630334820668,0.1304540345379611,0.016417452910521477,0.019891685684117307,0.07960080384209271,0.040430532375080895,0.02265063523961988,0.057665451820566094,0.07476412684355734,0.01049082053203447,0.02357028509145407,0.060765012432303554,0.02397901835893593,0.03402704451786505,0.022786879662113832,0.004938860315405838,0.013930992200006813,0.03222180591982016,0.017234919445485202,0.0006130999012227937,0.001771177492421404,3.406110562348854e-05,0.00020436663374093122,6938,4.231622946093975,22.871287128712872,3994.99860349467
James,31,135,17.0,123,8.0,7.0,3,92,2.0,15.0,7,27,42,21,10,34,1.0,13,7,9.0,4.0,16,0.0,52,38,10,28,9.0,9,5.0,6.0,2,1.0,26.0,3.0,22,8,21,21.0,0.0,3.0,0.0,3.0,1.0,13,8.0,7,15.0,44,0.0,23,5.0,0.0,1.0,3,0.0,1.0,14.0,1.0,1.0,1.0,7,2,5.0,0.0,0.0,2.0,4.0,14.0,4.0,1.0,0.0,3.0,43.0,11.0,5.0,2.0,5.0,25.0,8,0.0,14,3.0,5,1.0,1.0,0.0,0.0,1.0,0.0,1.0,1.0,16.0,0.0,2.0,1.0,2.0,4.0,1.0,11.0,1.0,13.0,0.0,7.0,1.0,1.0,3.0,8.0,0.0,2.0,0.0,1.0,4.0,3.0,0.0,1.0,2.0,0.0,0.0,0.0,2.0,6.0,0.0,2.0,0.0,0.0,2.0,1.0,0.0,0.0,1.0,3.0,0.0,0.0,0.0,1.0,0.0,1.0,0.0,0.0,1.0,2.0,0.0,0.0,0.0,0.0,0.0,0.0,0.0,0.0,0.0,0.0,0.0,0.0,0.0,0.0,0.0,0.0,0.0,0.0,0.0,0.0,0.06182511115816219,0.06468346390006352,0.09834850730467923,0.0770696591149693,0.1276730891382596,0.01884395511327546,0.017891170865975015,0.0770696591149693,0.04245183146305315,0.015985602371374127,0.06002540757992801,0.07855176794410332,0.013127249629472792,0.02403133601524455,0.054520431928858776,0.02741901333897946,0.030277366080880795,0.02265509210247724,0.007092949396569977,0.011962735549438917,0.03779377514291764,0.025936904509845437,0.0003175947491001482,0.0027524878255346177,0.0,0.00010586491636671607,2320,4.071551724137931,21.453703703703702,1303.9984120262543
Peter,80,270,47.0,138,12.0,7.0,4,186,0.0,11.0,4,71,98,23,18,21,16.0,34,51,10.0,1.0,22,4.0,48,83,29,69,21.0,14,13.0,4.0,12,4.0,14.0,12.0,18,23,27,28.0,6.0,2.0,0.0,3.0,12.0,37,13.0,33,23.0,45,0.0,50,6.0,0.0,11.0,3,0.0,2.0,0.0,0.0,2.0,10.0,11,13,5.0,0.0,0.0,1.0,11.0,4.0,4.0,2.0,4.0,2.0,63.0,8.0,4.0,1.0,3.0,30.0,57,3.0,38,0.0,18,0.0,0.0,0.0,0.0,1.0,8.0,0.0,5.0,20.0,0.0,0.0,2.0,2.0,2.0,2.0,10.0,12.0,28.0,0.0,4.0,0.0,2.0,7.0,0.0,0.0,1.0,0.0,0.0,7.0,2.0,0.0,0.0,1.0,2.0,0.0,0.0,1.0,7.0,2.0,13.0,2.0,3.0,1.0,2.0,1.0,1.0,0.0,1.0,0.0,0.0,0.0,0.0,0.0,0.0,1.0,1.0,0.0,0.0,0.0,0.0,1.0,0.0,0.0,0.0,1.0,3.0,1.0,0.0,0.0,0.0,0.0,0.0,0.0,0.0,0.0,0.0,0.0,0.0,0.06415438037228895,0.06529287869300393,0.09153526498548414,0.07138384470882905,0.12591791427107646,0.018443672795582625,0.025559287300051234,0.08174417942733535,0.038196618659987476,0.020834519269084077,0.059600387089429045,0.06956224739568509,0.013092730688222235,0.022314567086013547,0.06051118574600103,0.03267490180451984,0.029430181590482152,0.019411396368190358,0.006204815847896624,0.01434507884100871,0.040359765469345936,0.022769966414299538,0.0006830989924289861,0.002561621221608698,5.692491603574885e-05,0.00034154949621449307,4073,4.313037073410262,24.487951807228917,2247.99698297945
Jude,13,40,5.0,25,2.0,3.0,1,31,1.0,0.0,2,4,7,1,2,2,2.0,6,8,0.0,1.0,2,1.0,2,11,6,8,2.0,1,0.0,0.0,8,0.0,0.0,5.0,4,5,3,0.0,0.0,0.0,0.0,1.0,6.0,7,3.0,9,7.0,5,0.0,6,1.0,0.0,1.0,3,0.0,0.0,0.0,0.0,0.0,3.0,1,1,1.0,0.0,0.0,0.0,2.0,0.0,1.0,0.0,0.0,0.0,4.0,0.0,0.0,0.0,0.0,2.0,2,0.0,5,0.0,3,1.0,0.0,0.0,0.0,1.0,2.0,0.0,0.0,0.0,0.0,0.0,0.0,0.0,1.0,2.0,0.0,0.0,3.0,0.0,0.0,0.0,0.0,0.0,0.0,0.0,0.0,0.0,0.0,0.0,1.0,0.0,0.0,0.0,0.0,0.0,0.0,0.0,1.0,0.0,0.0,2.0,1.0,0.0,0.0,0.0,0.0,1.0,2.0,0.0,0.0,0.0,0.0,0.0,0.0,0.0,0.0,0.0,0.0,0.0,0.0,0.0,0.0,0.0,0.0,0.0,0.0,0.0,0.0,0.0,0.0,0.0,0.0,0.0,0.0,0.0,0.0,0.0,0.0,0.05859375,0.06818181818181818,0.09090909090909091,0.06498579545454546,0.13458806818181818,0.013849431818181818,0.024857954545454544,0.08025568181818182,0.04261363636363636,0.020951704545454544,0.05965909090909091,0.06711647727272728,0.015980113636363636,0.02130681818181818,0.061079545454545456,0.033380681818181816,0.028764204545454544,0.022727272727272728,0.008167613636363636,0.01455965909090909,0.03870738636363636,0.02130681818181818,0.0014204545454545455,0.00390625,0.0,0.0,613,4.593800978792822,24.48,306.99786931818176
John(R),167,1048,97.0,1156,114.0,5.0,57,573,17.0,17.0,48,69,182,62,47,118,97.0,142,122,25.0,5.0,122,5.0,100,148,95,96,9.0,32,5.0,21.0,76,15.0,33.0,14.0,34,48,92,99.0,2.0,48.0,3.0,14.0,34.0,78,26.0,90,23.0,60,4.0,17,33.0,6.0,3.0,65,0.0,7.0,60.0,5.0,9.0,21.0,41,26,11.0,2.0,2.0,63.0,1.0,26.0,7.0,18.0,1.0,1.0,11.0,3.0,20.0,1.0,2.0,3.0,82,4.0,101,40.0,19,27.0,27.0,0.0,2.0,39.0,26.0,2.0,4.0,9.0,1.0,4.0,3.0,3.0,6.0,9.0,10.0,6.0,20.0,0.0,40.0,0.0,7.0,1.0,12.0,1.0,2.0,2.0,0.0,10.0,25.0,1.0,1.0,2.0,0.0,1.0,0.0,13.0,3.0,8.0,3.0,0.0,1.0,0.0,5.0,0.0,0.0,4.0,4.0,0.0,0.0,0.0,1.0,4.0,0.0,0.0,0.0,0.0,0.0,0.0,0.0,0.0,0.0,0.0,0.0,0.0,0.0,0.0,1.0,0.0,0.0,0.0,0.0,0.0,0.0,0.0,0.0,0.0,0.0,0.05617375535773162,0.07447246950214309,0.09779920870425321,0.08817589845037917,0.12922436531486978,0.011704582921200132,0.018030827563468514,0.06981536432575008,0.05291790306627102,0.017268381140784703,0.05310336300692384,0.09091658424002638,0.011292449719749423,0.023800692383778438,0.056132542037586546,0.02202851961754039,0.025078305308275636,0.02161638641608968,0.006285031322123311,0.012219749423013519,0.034887075502802505,0.01275552258489944,0.0003503132212331025,0.0011745796241345204,8.242664029014178e-05,0.0004327398615232443,12075,4.01888198757764,29.82920792079208,6655.987739037257
