Author,but,it,shall,to,if,thou,not,unto,the,of,lord,thy,god,do,all,his,and,which,thee,that,these,upon,shalt,be,in,when,out,thine,for,because,whereby,hast,me,make,he,have,from,whither,with,an,they,is,one,them,into,no,man,will,whereof,as,her,therein,thereof,there,neither,other,among,much,throughout,thyself,him,moreover,till,ever,abundance,therefore,whose,also,or,wherein,hath,wherewith,whom,would,cometh,are,then,every,ye,were,say,again,by,more,your,said,did,those,yet,their,according,had,now,what,been,may,let,lest,should,himself,my,wherefore,notwithstanding,who,was,we,how,many,forth,thence,without,such,our,some,yea,than,like,henceforth,thus,became,must,ought,where,thereupon,outward,shouldest,underneath,being,whereunto,thereby,whence,therewith,could,hereof,doeth,thereon,oftentimes,upward,didst,hence,each,inasmuch,verily,once,downward,whoso,whereto,therefrom,forthwith,thereunto,becometh,oft,b_percentage_use,u_percentage_use,t_percentage_use,i_percentage_use,s_percentage_use,h_percentage_use,a_percentage_use,l_percentage_use,c_percentage_use,o_percentage_use,m_percentage_use,e_percentage_use,p_percentage_use,f_percentage_use,w_percentage_use,n_percentage_use,r_percentage_use,k_percentage_use,v_percentage_use,d_percentage_use,y_percentage_use,g_percentage_use,x_percentage_use,q_percentage_use,j_percentage_use,z_percentage_use,Total_Word_Count,AVG_Letter_Per_Word,AVG_Word_Per_Verse,Total_Function_Word_Count
Moses,6.0,9.0,68.0,26.0,2.0,65.0,23.0,20.0,119.0,62.0,29.0,53.0,9.0,4.0,26.0,12.0,125.0,21.0,47.0,15.0,4.0,10.0,45.0,35.0,31.0,2.0,4.0,18.0,18.0,5.0,1.0,1.0,1.0,4.0,16.0,11.0,9.0,3.0,21.0,5.0,4.0,5.0,3.0,13.0,4.0,6.0,5.0,6.0,2.0,5.0,9.0,1.0,2.0,5.0,4.0,3.0,5.0,1.0,3.0,1.0,2.0,2.0,1.0,1.0,1.0,1.0,1.0,2.0,3.0,1.0,4.0,4.0,1.0,3.0,1.0,2.0,1.0,2.0,5.0,3.0,2.0,2.0,1.0,1.0,2.0,1.0,1.0,1.0,1.0,0.0,0.0,0.0,0.0,0.0,0.0,0.0,0.0,0.0,0.0,0.0,0.0,0.0,0.0,0.0,0.0,0.0,0.0,0.0,0.0,0.0,0.0,0.0,0.0,0.0,0.0,0.0,0.0,0.0,0.0,0.0,0.0,0.0,0.0,0,0,0,0,0,0,0,0,0,0,0,0,0,0,0,0,0,0,0,0,0,0,0,0,0,0,0,0,0,0.01430339705680099,0.030394718745702105,0.10920093522211526,0.046348507770595515,0.06298996011552743,0.097785724109476,0.07949387979645166,0.05638839224315775,0.016228854352908814,0.07770595516435154,0.016228854352908814,0.1283179755191858,0.008802090496492916,0.02186769357722459,0.018429376977032046,0.07192958327602805,0.0451107137945262,0.005088708568284968,0.010314949800577638,0.045798377114564706,0.019804703617109065,0.015953789024893413,0.0004125979920231055,0.00013753266400770182,0.0005501306560308073,0.0,1756,4.140660592255125,30.25862068965517,1125.9995874020083
Joshua,0.0,1.0,0.0,9.0,0.0,0.0,0.0,5.0,34.0,34.0,1.0,0.0,0.0,0.0,0.0,0.0,20.0,1.0,0.0,1.0,0.0,0.0,0.0,0.0,3.0,2.0,1.0,0.0,0.0,0.0,0.0,0.0,0.0,0.0,1.0,1.0,1.0,0.0,8.0,2.0,2.0,1.0,0.0,2.0,1.0,0.0,0.0,0.0,1.0,0.0,0.0,0.0,0.0,1.0,0.0,0.0,0.0,3.0,0.0,0.0,0.0,0.0,0.0,0.0,0.0,0.0,0.0,0.0,0.0,0.0,0.0,0.0,0.0,0.0,0.0,1.0,0.0,0.0,0.0,1.0,1.0,0.0,2.0,0.0,3.0,0.0,0.0,0.0,0.0,1.0,1.0,0.0,0.0,0.0,0.0,0.0,0.0,0.0,0.0,0.0,0.0,0.0,0.0,0.0,0.0,0.0,0.0,0.0,0.0,0.0,0.0,0.0,0.0,0.0,0.0,0.0,0.0,0.0,0.0,0.0,0.0,0.0,0.0,0,0,0,0,0,0,0,0,0,0,0,0,0,0,0,0,0,0,0,0,0,0,0,0,0,0,0,0,0,0.015582034830430797,0.02016498625114574,0.08982584784601283,0.05682859761686526,0.045829514207149404,0.08890925756186985,0.09165902841429881,0.04307974335472044,0.025664527956003668,0.07516040329972502,0.013748854262144821,0.12465627864344637,0.008249312557286892,0.03666361136571952,0.01466544454628781,0.08065994500458296,0.06874427131072411,0.0009165902841429881,0.006416131989000917,0.05957836846929423,0.010999083409715857,0.017415215398716773,0.0,0.0,0.002749770852428964,0.0009165902841429881,261,4.180076628352491,43.5,146.99908340971587
Samuel,4.0,6.0,1.0,12.0,0.0,5.0,10.0,11.0,42.0,15.0,2.0,5.0,1.0,1.0,1.0,9.0,40.0,3.0,4.0,7.0,4.0,1.0,0.0,3.0,16.0,1.0,1.0,0.0,2.0,0.0,0.0,3.0,4.0,1.0,8.0,6.0,1.0,0.0,12.0,2.0,3.0,4.0,1.0,0.0,1.0,1.0,0.0,1.0,0.0,5.0,0.0,0.0,1.0,0.0,0.0,0.0,0.0,0.0,0.0,0.0,7.0,0.0,0.0,0.0,0.0,0.0,0.0,0.0,1.0,0.0,1.0,1.0,1.0,0.0,0.0,1.0,3.0,0.0,1.0,2.0,0.0,1.0,3.0,0.0,0.0,8.0,2.0,0.0,0.0,2.0,0.0,2.0,3.0,3.0,3.0,2.0,1.0,1.0,2.0,1.0,3.0,2.0,1.0,0.0,0.0,0.0,0.0,0.0,0.0,0.0,0.0,0.0,0.0,0.0,0.0,0.0,0.0,0.0,0.0,0.0,0.0,0.0,0.0,0,0,0,0,0,0,0,0,0,0,0,0,0,0,0,0,0,0,0,0,0,0,0,0,0,0,0,0,0,0.010923987255348202,0.02639963586709149,0.10423304506144743,0.081474738279472,0.06827492034592626,0.0923987255348202,0.08375056895766955,0.03140646335912608,0.013654984069185253,0.06326809285389166,0.018661811561219845,0.11652253072371416,0.016385980883022302,0.01729631315430132,0.02002730996813837,0.081474738279472,0.03959945380063723,0.0063723258989531175,0.012744651797906235,0.058716431497496585,0.014110150204824761,0.016841147018661812,0.0,0.0,0.0009103322712790169,0.002275830678197542,546,4.023809523809524,36.333333333333336,319.9977241693219
Unknown,0.0,0.0,1.0,2.0,0.0,1.0,0.0,0.0,10.0,8.0,2.0,0.0,2.0,0.0,0.0,2.0,7.0,0.0,0.0,0.0,0.0,1.0,0.0,2.0,2.0,1.0,1.0,0.0,0.0,1.0,0.0,0.0,5.0,0.0,3.0,0.0,2.0,0.0,0.0,0.0,0.0,2.0,0.0,0.0,1.0,0.0,0.0,2.0,0.0,0.0,0.0,0.0,0.0,0.0,0.0,0.0,0.0,0.0,0.0,0.0,1.0,0.0,0.0,0.0,0.0,0.0,0.0,0.0,0.0,0.0,0.0,0.0,0.0,0.0,0.0,0.0,1.0,0.0,0.0,0.0,0.0,0.0,0.0,0.0,0.0,0.0,2.0,0.0,0.0,0.0,0.0,0.0,0.0,0.0,0.0,0.0,0.0,0.0,0.0,0.0,10.0,0.0,0.0,1.0,1.0,0.0,0.0,0.0,0.0,0.0,0.0,0.0,0.0,0.0,0.0,0.0,0.0,0.0,0.0,0.0,0.0,0.0,0.0,0,0,0,0,0,0,0,0,0,0,0,0,0,0,0,0,0,0,0,0,0,0,0,0,0,0,0,0,0,0.010080645161290322,0.020161290322580645,0.06653225806451613,0.05846774193548387,0.06854838709677419,0.07056451612903226,0.06653225806451613,0.04233870967741935,0.020161290322580645,0.09475806451612903,0.05443548387096774,0.1310483870967742,0.012096774193548387,0.028225806451612902,0.020161290322580645,0.05443548387096774,0.05241935483870968,0.006048387096774193,0.020161290322580645,0.06653225806451613,0.02620967741935484,0.010080645161290322,0.0,0.0,0.0,0.0,129,3.8449612403100777,21.5,74.99999999999997
Unknown,2.0,1.0,5.0,3.0,0.0,2.0,2.0,4.0,19.0,5.0,9.0,0.0,0.0,0.0,2.0,4.0,18.0,1.0,2.0,7.0,1.0,1.0,0.0,0.0,2.0,0.0,0.0,0.0,1.0,0.0,0.0,0.0,3.0,0.0,6.0,2.0,0.0,0.0,0.0,0.0,0.0,1.0,1.0,1.0,1.0,2.0,1.0,2.0,0.0,2.0,0.0,0.0,0.0,1.0,0.0,0.0,0.0,0.0,0.0,0.0,5.0,0.0,0.0,0.0,0.0,1.0,0.0,0.0,1.0,0.0,0.0,0.0,0.0,1.0,0.0,0.0,0.0,1.0,0.0,0.0,0.0,0.0,1.0,0.0,0.0,11.0,1.0,0.0,0.0,0.0,0.0,0.0,0.0,1.0,0.0,1.0,1.0,0.0,0.0,0.0,0.0,0.0,0.0,1.0,0.0,2.0,1.0,1.0,1.0,0.0,0.0,0.0,0.0,0.0,0.0,0.0,0.0,0.0,0.0,0.0,0.0,0.0,0.0,0,0,0,0,0,0,0,0,0,0,0,0,0,0,0,0,0,0,0,0,0,0,0,0,0,0,0,0,0,0.007856341189674524,0.019079685746352413,0.09652076318742986,0.0718294051627385,0.05723905723905724,0.09876543209876543,0.10662177328843996,0.051627384960718295,0.010101010101010102,0.0718294051627385,0.025813692480359147,0.10998877665544332,0.015712682379349047,0.013468013468013467,0.014590347923681257,0.0718294051627385,0.051627384960718295,0.006734006734006734,0.007856341189674524,0.06285072951739619,0.005611672278338945,0.019079685746352413,0.0,0.0,0.002244668911335578,0.0,231,3.857142857142857,28.875,145.99887766554437
Unknown,0.0,1.0,0.0,5.0,0.0,0.0,0.0,0.0,27.0,18.0,3.0,0.0,0.0,0.0,8.0,10.0,27.0,1.0,0.0,1.0,0.0,0.0,0.0,0.0,4.0,0.0,2.0,0.0,1.0,0.0,0.0,0.0,0.0,0.0,5.0,0.0,1.0,0.0,0.0,0.0,0.0,0.0,0.0,1.0,1.0,0.0,0.0,0.0,0.0,1.0,0.0,0.0,0.0,0.0,0.0,0.0,0.0,0.0,0.0,0.0,1.0,0.0,0.0,0.0,0.0,0.0,0.0,0.0,0.0,0.0,0.0,0.0,0.0,0.0,0.0,0.0,0.0,0.0,0.0,1.0,0.0,0.0,0.0,0.0,0.0,1.0,1.0,1.0,0.0,0.0,0.0,2.0,0.0,0.0,0.0,0.0,0.0,0.0,0.0,0.0,0.0,0.0,0.0,0.0,0.0,0.0,0.0,0.0,0.0,1.0,0.0,0.0,0.0,0.0,0.0,0.0,0.0,0.0,0.0,0.0,0.0,0.0,0.0,0,0,0,0,0,0,0,0,0,0,0,0,0,0,0,0,0,0,0,0,0,0,0,0,0,0,0,0,0,0.020512820512820513,0.01641025641025641,0.08102564102564103,0.06461538461538462,0.055384615384615386,0.07897435897435898,0.10051282051282051,0.038974358974358976,0.02358974358974359,0.06769230769230769,0.024615384615384615,0.11384615384615385,0.011282051282051283,0.027692307692307693,0.0071794871794871795,0.08717948717948718,0.04512820512820513,0.013333333333333334,0.013333333333333334,0.05435897435897436,0.015384615384615385,0.022564102564102566,0.0,0.0,0.005128205128205128,0.003076923076923077,232,4.202586206896552,32.57142857142857,125.99179487179487
Ezra,0.0,5.0,3.0,11.0,0.0,2.0,3.0,3.0,56.0,64.0,3.0,4.0,10.0,2.0,4.0,2.0,36.0,5.0,0.0,6.0,1.0,3.0,1.0,8.0,4.0,0.0,2.0,1.0,3.0,0.0,0.0,0.0,4.0,1.0,0.0,1.0,1.0,0.0,11.0,6.0,0.0,4.0,0.0,4.0,0.0,0.0,0.0,1.0,0.0,3.0,0.0,0.0,0.0,1.0,0.0,0.0,0.0,1.0,0.0,0.0,10.0,0.0,0.0,0.0,0.0,0.0,0.0,2.0,5.0,0.0,2.0,0.0,0.0,0.0,0.0,3.0,0.0,0.0,1.0,1.0,0.0,0.0,2.0,1.0,0.0,0.0,0.0,0.0,0.0,1.0,0.0,0.0,1.0,0.0,0.0,1.0,2.0,0.0,1.0,0.0,1.0,0.0,0.0,0.0,2.0,1.0,1.0,0.0,0.0,0.0,1.0,2.0,1.0,0.0,0.0,0.0,0.0,0.0,0.0,0.0,0.0,0.0,0.0,0,0,0,0,0,0,0,0,0,0,0,0,0,0,0,0,0,0,0,0,0,0,0,0,0,0,0,0,0,0.015730337078651686,0.023820224719101123,0.09078651685393259,0.05887640449438202,0.06426966292134831,0.09707865168539326,0.07910112359550561,0.03146067415730337,0.015280898876404495,0.09078651685393259,0.025617977528089888,0.12134831460674157,0.009887640449438202,0.038202247191011236,0.021123595505617977,0.06876404494382023,0.043146067415730335,0.005393258426966292,0.006741573033707865,0.04629213483146068,0.01303370786516854,0.01887640449438202,0.002696629213483146,0.00044943820224719103,0.0044943820224719105,0.003146067415730337,548,4.060218978102189,27.25,322.9964044943819
Nehemiah,0.0,0.0,0.0,0.0,0.0,0.0,1.0,2.0,9.0,6.0,0.0,0.0,2.0,1.0,2.0,0.0,12.0,2.0,0.0,2.0,0.0,0.0,0.0,0.0,5.0,0.0,1.0,0.0,2.0,0.0,0.0,0.0,1.0,0.0,0.0,1.0,0.0,0.0,1.0,0.0,2.0,1.0,0.0,2.0,1.0,0.0,0.0,0.0,0.0,1.0,0.0,1.0,1.0,1.0,0.0,0.0,0.0,0.0,0.0,0.0,0.0,0.0,0.0,0.0,0.0,0.0,0.0,2.0,0.0,1.0,0.0,0.0,0.0,0.0,0.0,0.0,1.0,0.0,1.0,0.0,0.0,0.0,0.0,0.0,0.0,1.0,0.0,1.0,0.0,0.0,0.0,0.0,0.0,1.0,0.0,0.0,0.0,0.0,0.0,0.0,3.0,0.0,0.0,0.0,0.0,0.0,0.0,0.0,0.0,0.0,0.0,0.0,0.0,1.0,0.0,0.0,0.0,0.0,0.0,0.0,0.0,0.0,0.0,0,0,0,0,0,0,0,0,0,0,0,0,0,0,0,0,0,0,0,0,0,0,0,0,0,0,0,0,0,0.024955436720142603,0.023172905525846704,0.08199643493761141,0.0659536541889483,0.0677361853832442,0.0784313725490196,0.09269162210338681,0.0285204991087344,0.0142602495543672,0.0677361853832442,0.024955436720142603,0.11586452762923351,0.0071301247771836,0.026737967914438502,0.0196078431372549,0.08912655971479501,0.0427807486631016,0.0,0.0071301247771836,0.0659536541889483,0.0196078431372549,0.024955436720142603,0.0,0.0,0.008912655971479501,0.0,136,4.125,34.0,72.99821746880569
Mordecai,0.0,0.0,0.0,1.0,0.0,0.0,0.0,0.0,3.0,0.0,0.0,0.0,0.0,0.0,0.0,0.0,1.0,0.0,0.0,0.0,0.0,0.0,0.0,0.0,0.0,0.0,0.0,0.0,1.0,0.0,0.0,0.0,0.0,0.0,0.0,0.0,0.0,0.0,0.0,0.0,0.0,0.0,0.0,0.0,0.0,0.0,1.0,0.0,0.0,0.0,0.0,0.0,0.0,0.0,0.0,0.0,0.0,0.0,0.0,0.0,0.0,0.0,0.0,0.0,0.0,0.0,0.0,0.0,0.0,0.0,0.0,0.0,1.0,0.0,0.0,0.0,0.0,0.0,0.0,0.0,0.0,0.0,0.0,0.0,0.0,0.0,0.0,0.0,0.0,0.0,0.0,0.0,0.0,0.0,0.0,0.0,0.0,0.0,0.0,0.0,0.0,0.0,0.0,0.0,0.0,0.0,0.0,0.0,0.0,0.0,0.0,0.0,0.0,0.0,0.0,0.0,0.0,0.0,0.0,0.0,0.0,0.0,0.0,0,0,0,0,0,0,0,0,0,0,0,0,0,0,0,0,0,0,0,0,0,0,0,0,0,0,0,0,0,0.0,0.01639344262295082,0.09836065573770492,0.04918032786885246,0.01639344262295082,0.13114754098360656,0.08196721311475409,0.01639344262295082,0.0,0.08196721311475409,0.04918032786885246,0.11475409836065574,0.0,0.01639344262295082,0.03278688524590164,0.11475409836065574,0.04918032786885246,0.03278688524590164,0.0,0.04918032786885246,0.0,0.04918032786885246,0.0,0.0,0.0,0.0,14,4.357142857142857,14.0,8.999999999999998
Unknown,0.0,1.0,0.0,2.0,0.0,5.0,0.0,2.0,18.0,3.0,0.0,4.0,0.0,0.0,0.0,4.0,6.0,1.0,2.0,3.0,0.0,0.0,0.0,1.0,3.0,0.0,0.0,0.0,0.0,1.0,0.0,0.0,0.0,0.0,5.0,1.0,0.0,0.0,1.0,0.0,0.0,2.0,0.0,3.0,1.0,0.0,0.0,3.0,0.0,0.0,1.0,0.0,0.0,0.0,1.0,0.0,0.0,0.0,0.0,0.0,3.0,0.0,0.0,0.0,0.0,0.0,1.0,0.0,5.0,0.0,0.0,0.0,0.0,0.0,0.0,0.0,0.0,1.0,0.0,0.0,0.0,0.0,1.0,0.0,0.0,0.0,0.0,0.0,0.0,0.0,0.0,0.0,0.0,0.0,0.0,2.0,0.0,0.0,0.0,0.0,0.0,0.0,0.0,0.0,0.0,0.0,0.0,0.0,0.0,0.0,0.0,0.0,0.0,0.0,0.0,0.0,0.0,0.0,0.0,0.0,0.0,0.0,0.0,0,0,0,0,0,0,0,0,0,0,0,0,0,0,0,0,0,0,0,0,0,0,0,0,0,0,0,0,0,0.021604938271604937,0.030864197530864196,0.12191358024691358,0.06944444444444445,0.04938271604938271,0.1095679012345679,0.06327160493827161,0.037037037037037035,0.021604938271604937,0.05401234567901234,0.020061728395061727,0.13425925925925927,0.0030864197530864196,0.013888888888888888,0.027777777777777776,0.05709876543209876,0.06944444444444445,0.0030864197530864196,0.013888888888888888,0.030864197530864196,0.018518518518518517,0.027777777777777776,0.0,0.0,0.0,0.0,153,4.235294117647059,15.3,87.99845679012343
David and others,2.0,2.0,8.0,3.0,0.0,4.0,8.0,10.0,38.0,16.0,11.0,2.0,3.0,0.0,0.0,1.0,9.0,2.0,6.0,6.0,0.0,2.0,0.0,6.0,9.0,5.0,1.0,0.0,8.0,0.0,0.0,1.0,13.0,2.0,1.0,5.0,1.0,0.0,3.0,2.0,8.0,1.0,1.0,3.0,3.0,2.0,3.0,1.0,0.0,4.0,0.0,0.0,0.0,1.0,0.0,0.0,0.0,0.0,0.0,0.0,4.0,0.0,0.0,0.0,0.0,0.0,0.0,1.0,0.0,1.0,0.0,0.0,0.0,1.0,0.0,4.0,1.0,0.0,0.0,0.0,0.0,1.0,1.0,0.0,0.0,2.0,1.0,1.0,1.0,5.0,0.0,0.0,0.0,0.0,0.0,0.0,9.0,1.0,0.0,0.0,26.0,0.0,0.0,0.0,3.0,0.0,0.0,0.0,1.0,0.0,0.0,0.0,1.0,0.0,0.0,0.0,0.0,0.0,0.0,0.0,0.0,0.0,0.0,0,0,0,0,0,0,0,0,0,0,0,0,0,0,0,0,0,0,0,0,0,0,0,0,0,0,0,0,0,0.010747185261003071,0.025076765609007165,0.1023541453428864,0.06960081883316274,0.04912998976458546,0.07727737973387923,0.06960081883316274,0.04708290685772774,0.022517911975435005,0.07164790174002048,0.03428863868986694,0.13715455475946775,0.01791197543500512,0.021494370522006142,0.022006141248720572,0.05680655066530194,0.054759467758444216,0.01023541453428864,0.016888433981576252,0.0383828045035824,0.02712384851586489,0.012282497441146366,0.0010235414534288639,0.0010235414534288639,0.0005117707267144319,0.0,502,3.8924302788844622,20.875,282.9969293756398
Solomon and others,2.0,0.0,0.0,1.0,0.0,0.0,2.0,0.0,7.0,1.0,0.0,0.0,0.0,0.0,1.0,0.0,4.0,3.0,0.0,1.0,0.0,1.0,0.0,2.0,4.0,1.0,0.0,0.0,2.0,0.0,0.0,0.0,0.0,1.0,1.0,1.0,0.0,0.0,1.0,3.0,4.0,5.0,0.0,1.0,0.0,2.0,0.0,0.0,0.0,0.0,2.0,0.0,0.0,3.0,0.0,0.0,1.0,0.0,0.0,0.0,0.0,0.0,0.0,0.0,0.0,0.0,0.0,1.0,0.0,0.0,0.0,0.0,1.0,0.0,0.0,5.0,0.0,0.0,0.0,0.0,0.0,0.0,1.0,0.0,0.0,0.0,0.0,0.0,3.0,2.0,0.0,0.0,0.0,0.0,0.0,0.0,0.0,0.0,0.0,0.0,0.0,0.0,0.0,0.0,0.0,0.0,0.0,0.0,1.0,0.0,0.0,0.0,0.0,0.0,1.0,0.0,0.0,0.0,0.0,0.0,0.0,0.0,0.0,0,0,0,0,0,0,0,0,0,0,0,0,0,0,0,0,0,0,0,0,0,0,0,0,0,0,0,0,0,0.015414258188824663,0.023121387283236993,0.09441233140655106,0.0674373795761079,0.06551059730250482,0.08670520231213873,0.08477842003853564,0.028901734104046242,0.017341040462427744,0.06551059730250482,0.023121387283236993,0.1329479768786127,0.015414258188824663,0.015414258188824663,0.019267822736030827,0.07514450867052024,0.06358381502890173,0.01348747591522158,0.0019267822736030828,0.02697495183044316,0.025048169556840076,0.03275529865125241,0.0019267822736030828,0.0,0.0,0.0,132,3.9318181818181817,14.666666666666666,72.99614643545277
Solomon,0.0,0.0,0.0,0.0,0.0,2.0,0.0,0.0,2.0,0.0,0.0,2.0,0.0,0.0,0.0,2.0,2.0,0.0,0.0,1.0,0.0,0.0,0.0,0.0,0.0,0.0,0.0,0.0,0.0,0.0,0.0,0.0,0.0,0.0,0.0,0.0,0.0,0.0,0.0,0.0,0.0,4.0,0.0,0.0,0.0,0.0,0.0,0.0,0.0,2.0,0.0,0.0,0.0,0.0,0.0,0.0,2.0,0.0,0.0,0.0,0.0,0.0,0.0,0.0,0.0,0.0,0.0,0.0,0.0,0.0,0.0,0.0,0.0,0.0,0.0,1.0,0.0,0.0,0.0,0.0,0.0,0.0,0.0,2.0,0.0,0.0,0.0,0.0,0.0,0.0,0.0,0.0,0.0,2.0,0.0,0.0,0.0,0.0,0.0,0.0,1.0,0.0,0.0,0.0,0.0,0.0,0.0,0.0,0.0,0.0,0.0,0.0,0.0,0.0,0.0,2.0,0.0,0.0,0.0,0.0,0.0,0.0,0.0,0,0,0,0,0,0,0,0,0,0,0,0,0,0,0,0,0,0,0,0,0,0,0,0,0,0,0,0,0,0.030434782608695653,0.02608695652173913,0.09130434782608696,0.043478260869565216,0.07391304347826087,0.09130434782608696,0.09130434782608696,0.034782608695652174,0.017391304347826087,0.09130434782608696,0.030434782608695653,0.11739130434782609,0.0,0.013043478260869565,0.017391304347826087,0.05652173913043478,0.0391304347826087,0.008695652173913044,0.02608695652173913,0.05652173913043478,0.021739130434782608,0.017391304347826087,0.0,0.0,0.0,0.0,56,4.107142857142857,18.666666666666668,27.99565217391303
Isaiah,1.0,0.0,22.0,7.0,0.0,1.0,1.0,6.0,39.0,21.0,9.0,12.0,1.0,0.0,3.0,2.0,23.0,1.0,11.0,3.0,1.0,4.0,1.0,5.0,3.0,1.0,3.0,2.0,5.0,2.0,0.0,0.0,2.0,0.0,1.0,1.0,7.0,0.0,3.0,0.0,7.0,4.0,1.0,3.0,0.0,0.0,0.0,1.0,0.0,3.0,0.0,0.0,0.0,0.0,0.0,0.0,0.0,0.0,0.0,0.0,1.0,0.0,0.0,1.0,1.0,0.0,0.0,0.0,0.0,0.0,1.0,0.0,0.0,0.0,0.0,1.0,1.0,0.0,0.0,0.0,0.0,0.0,0.0,0.0,0.0,0.0,0.0,0.0,0.0,3.0,0.0,0.0,0.0,0.0,0.0,0.0,0.0,0.0,0.0,0.0,4.0,0.0,0.0,1.0,0.0,0.0,0.0,0.0,1.0,0.0,0.0,0.0,0.0,0.0,0.0,0.0,1.0,1.0,0.0,0.0,0.0,0.0,0.0,0,0,0,0,0,0,0,0,0,0,0,0,0,0,0,0,0,0,0,0,0,0,0,0,0,0,0,0,0,0.01096067053513862,0.02385557704706641,0.1031592520954223,0.04771115409413282,0.06963249516441006,0.09993552546744036,0.07156673114119923,0.06060606060606061,0.017408123791102514,0.07994842037395229,0.027079303675048357,0.1289490651192779,0.01096067053513862,0.03159252095422308,0.009026434558349452,0.05609284332688588,0.05673758865248227,0.0038684719535783366,0.005802707930367505,0.041263700838168924,0.02127659574468085,0.018697614442295292,0.0,0.0,0.0006447453255963894,0.0006447453255963894,385,4.0285714285714285,32.0,240.99742101869757
Jeremiah,0.0,0.0,0.0,0.0,0.0,9.0,3.0,0.0,10.0,8.0,5.0,1.0,0.0,0.0,5.0,0.0,6.0,0.0,1.0,2.0,0.0,3.0,0.0,0.0,2.0,0.0,1.0,1.0,1.0,1.0,0.0,6.0,6.0,0.0,0.0,1.0,1.0,0.0,1.0,0.0,1.0,0.0,0.0,0.0,0.0,0.0,0.0,0.0,0.0,0.0,0.0,0.0,0.0,0.0,0.0,0.0,0.0,0.0,0.0,0.0,0.0,0.0,1.0,0.0,0.0,0.0,0.0,0.0,0.0,0.0,0.0,0.0,0.0,0.0,0.0,0.0,1.0,0.0,0.0,0.0,0.0,0.0,0.0,0.0,0.0,1.0,0.0,1.0,0.0,5.0,0.0,0.0,0.0,0.0,0.0,0.0,0.0,0.0,0.0,0.0,10.0,0.0,0.0,0.0,0.0,0.0,0.0,0.0,0.0,0.0,2.0,0.0,0.0,0.0,0.0,0.0,1.0,0.0,0.0,0.0,0.0,0.0,0.0,0,0,0,0,0,0,0,0,0,0,0,0,0,0,0,0,0,0,0,0,0,0,0,0,0,0,0,0,0,0.004962779156327543,0.03722084367245657,0.09925558312655088,0.06327543424317618,0.04838709677419355,0.07196029776674938,0.08560794044665013,0.04094292803970223,0.02481389578163772,0.07816377171215881,0.03722084367245657,0.13523573200992556,0.011166253101736972,0.02481389578163772,0.01488833746898263,0.06699751861042183,0.04838709677419355,0.0037220843672456576,0.008684863523573201,0.04962779156327544,0.02481389578163772,0.017369727047146403,0.0,0.0,0.0012406947890818859,0.0,197,4.091370558375634,13.133333333333333,97.9987593052109
Ezekiel,0.0,5.0,22.0,4.0,0.0,1.0,1.0,4.0,60.0,32.0,4.0,0.0,2.0,0.0,4.0,1.0,31.0,1.0,0.0,2.0,0.0,0.0,1.0,13.0,7.0,1.0,0.0,1.0,11.0,0.0,0.0,0.0,0.0,0.0,1.0,2.0,4.0,0.0,1.0,3.0,1.0,1.0,2.0,0.0,0.0,1.0,0.0,0.0,0.0,0.0,0.0,0.0,2.0,1.0,0.0,1.0,0.0,0.0,0.0,0.0,0.0,1.0,0.0,0.0,0.0,0.0,0.0,2.0,2.0,0.0,0.0,0.0,0.0,0.0,0.0,0.0,0.0,2.0,5.0,0.0,0.0,0.0,1.0,1.0,3.0,0.0,0.0,0.0,0.0,2.0,1.0,0.0,0.0,0.0,0.0,1.0,1.0,0.0,0.0,0.0,3.0,0.0,0.0,0.0,0.0,0.0,0.0,0.0,0.0,0.0,0.0,0.0,0.0,0.0,0.0,0.0,0.0,0.0,1.0,0.0,0.0,0.0,0.0,0,0,0,0,0,0,0,0,0,0,0,0,0,0,0,0,0,0,0,0,0,0,0,0,0,0,0,0,0,0.0220125786163522,0.026729559748427674,0.10324947589098532,0.05241090146750524,0.07285115303983228,0.08018867924528301,0.0770440251572327,0.055031446540880505,0.014150943396226415,0.09067085953878407,0.0110062893081761,0.11949685534591195,0.016771488469601678,0.03668763102725367,0.00890985324947589,0.06813417190775681,0.05450733752620545,0.0005241090146750524,0.0110062893081761,0.04140461215932914,0.020964360587002098,0.009958071278825996,0.0010482180293501049,0.0005241090146750524,0.002620545073375262,0.0,453,4.211920529801325,37.666666666666664,254.99790356394126
Daniel,0.0,0.0,1.0,1.0,0.0,0.0,0.0,2.0,6.0,2.0,1.0,1.0,0.0,0.0,0.0,0.0,6.0,0.0,1.0,1.0,0.0,1.0,0.0,0.0,1.0,1.0,0.0,0.0,2.0,0.0,0.0,0.0,3.0,1.0,1.0,1.0,0.0,0.0,0.0,0.0,0.0,1.0,1.0,0.0,0.0,1.0,0.0,0.0,0.0,0.0,0.0,0.0,0.0,0.0,0.0,0.0,0.0,0.0,0.0,0.0,1.0,0.0,0.0,0.0,0.0,0.0,0.0,0.0,0.0,0.0,0.0,0.0,0.0,0.0,0.0,1.0,1.0,0.0,0.0,0.0,0.0,0.0,1.0,0.0,0.0,1.0,0.0,0.0,1.0,0.0,0.0,1.0,1.0,1.0,0.0,0.0,0.0,0.0,0.0,0.0,5.0,0.0,0.0,0.0,0.0,0.0,0.0,1.0,0.0,0.0,0.0,1.0,0.0,0.0,0.0,0.0,1.0,0.0,0.0,1.0,0.0,0.0,0.0,0,0,0,0,0,0,0,0,0,0,0,0,0,0,0,0,0,0,0,0,0,0,0,0,0,0,0,0,0,0.017142857142857144,0.03142857142857143,0.08285714285714285,0.054285714285714284,0.06,0.06285714285714286,0.07428571428571429,0.03142857142857143,0.014285714285714285,0.08857142857142856,0.05142857142857143,0.12571428571428572,0.02,0.02,0.017142857142857144,0.08,0.04285714285714286,0.011428571428571429,0.008571428571428572,0.06857142857142857,0.03142857142857143,0.005714285714285714,0.0,0.0,0.0,0.0,92,3.8043478260869565,30.666666666666668,55.00000000000001
Hosea,0.0,0.0,0.0,0.0,0.0,0.0,1.0,1.0,0.0,0.0,0.0,0.0,0.0,0.0,0.0,0.0,3.0,0.0,0.0,0.0,0.0,1.0,0.0,0.0,0.0,1.0,0.0,0.0,1.0,0.0,0.0,0.0,2.0,0.0,0.0,1.0,0.0,0.0,1.0,0.0,4.0,0.0,0.0,0.0,0.0,0.0,0.0,0.0,0.0,0.0,0.0,0.0,0.0,0.0,0.0,0.0,0.0,0.0,0.0,0.0,0.0,0.0,0.0,0.0,0.0,0.0,0.0,0.0,0.0,0.0,0.0,0.0,0.0,0.0,0.0,0.0,0.0,0.0,0.0,0.0,0.0,0.0,0.0,0.0,0.0,0.0,0.0,0.0,0.0,2.0,0.0,0.0,0.0,0.0,0.0,0.0,0.0,0.0,0.0,0.0,0.0,0.0,0.0,0.0,0.0,0.0,0.0,0.0,0.0,0.0,0.0,0.0,0.0,0.0,0.0,0.0,0.0,0.0,0.0,0.0,0.0,0.0,0.0,0,0,0,0,0,0,0,0,0,0,0,0,0,0,0,0,0,0,0,0,0,0,0,0,0,0,0,0,0,0.024390243902439025,0.016260162601626018,0.0975609756097561,0.04878048780487805,0.04878048780487805,0.0975609756097561,0.06504065040650407,0.032520325203252036,0.016260162601626018,0.04878048780487805,0.032520325203252036,0.17886178861788618,0.008130081300813009,0.008130081300813009,0.032520325203252036,0.08130081300813008,0.056910569105691054,0.0,0.016260162601626018,0.04878048780487805,0.032520325203252036,0.008130081300813009,0.0,0.0,0.0,0.0,28,4.392857142857143,28.0,18.99999999999999
Joel,0.0,0.0,0.0,0.0,0.0,0.0,0.0,0.0,0.0,0.0,0.0,0.0,0.0,0.0,0.0,0.0,0.0,0.0,0.0,0.0,0.0,0.0,0.0,0.0,0.0,0.0,0.0,0.0,0.0,0.0,0.0,0.0,0.0,0.0,0.0,0.0,0.0,0.0,0.0,0.0,0.0,0.0,0.0,0.0,0.0,0.0,0.0,0.0,0.0,0.0,0.0,0.0,0.0,0.0,0.0,0.0,0.0,0.0,0.0,0.0,0.0,0.0,0.0,0.0,0.0,0.0,0.0,0.0,0.0,0.0,0.0,0.0,0.0,0.0,0.0,0.0,0.0,0.0,0.0,0.0,0.0,0.0,0.0,0.0,0.0,0.0,0.0,0.0,0.0,0.0,0.0,0.0,0.0,0.0,0.0,0.0,0.0,0.0,0.0,0.0,0.0,0.0,0.0,0.0,0.0,0.0,0.0,0.0,0.0,0.0,0.0,0.0,0.0,0.0,0.0,0.0,0.0,0.0,0.0,0.0,0.0,0.0,0.0,0,0,0,0,0,0,0,0,0,0,0,0,0,0,0,0,0,0,0,0,0,0,0,0,0,0,0,0,0,0.0,0.0,0.0,0.0,0.0,0.0,0.0,0.0,0.0,0.0,0.0,0.0,0.0,0.0,0.0,0.0,0.0,0.0,0.0,0.0,0.0,0.0,0.0,0.0,0.0,0.0,0,0.0,0.0,0.0
Amos,0.0,0.0,1.0,0.0,0.0,0.0,0.0,0.0,2.0,1.0,0.0,0.0,0.0,0.0,0.0,0.0,1.0,0.0,0.0,0.0,0.0,1.0,0.0,0.0,0.0,0.0,0.0,0.0,1.0,0.0,0.0,0.0,0.0,0.0,0.0,1.0,0.0,0.0,1.0,0.0,0.0,0.0,1.0,0.0,2.0,0.0,0.0,1.0,0.0,0.0,0.0,0.0,0.0,1.0,0.0,0.0,0.0,0.0,0.0,0.0,0.0,0.0,0.0,0.0,0.0,0.0,0.0,0.0,0.0,0.0,0.0,0.0,0.0,0.0,0.0,0.0,0.0,0.0,1.0,0.0,0.0,0.0,0.0,0.0,0.0,0.0,0.0,0.0,0.0,0.0,0.0,0.0,0.0,0.0,0.0,0.0,0.0,0.0,0.0,0.0,0.0,0.0,0.0,0.0,0.0,0.0,0.0,0.0,0.0,0.0,0.0,0.0,0.0,0.0,0.0,0.0,0.0,0.0,0.0,0.0,0.0,0.0,0.0,0,0,0,0,0,0,0,0,0,0,0,0,0,0,0,0,0,0,0,0,0,0,0,0,0,0,0,0,0,0.0,0.05128205128205128,0.08547008547008547,0.05128205128205128,0.05128205128205128,0.07692307692307693,0.03418803418803419,0.06837606837606838,0.017094017094017096,0.10256410256410256,0.017094017094017096,0.11965811965811966,0.017094017094017096,0.02564102564102564,0.02564102564102564,0.08547008547008547,0.06837606837606838,0.017094017094017096,0.008547008547008548,0.02564102564102564,0.008547008547008548,0.02564102564102564,0.008547008547008548,0.0,0.008547008547008548,0.0,26,4.5,26.0,15.999999999999996
Obadiah,0.0,0.0,0.0,0.0,0.0,0.0,0.0,0.0,0.0,0.0,0.0,0.0,0.0,0.0,0.0,0.0,0.0,0.0,0.0,0.0,0.0,0.0,0.0,0.0,0.0,0.0,0.0,0.0,0.0,0.0,0.0,0.0,0.0,0.0,0.0,0.0,0.0,0.0,0.0,0.0,0.0,0.0,0.0,0.0,0.0,0.0,0.0,0.0,0.0,0.0,0.0,0.0,0.0,0.0,0.0,0.0,0.0,0.0,0.0,0.0,0.0,0.0,0.0,0.0,0.0,0.0,0.0,0.0,0.0,0.0,0.0,0.0,0.0,0.0,0.0,0.0,0.0,0.0,0.0,0.0,0.0,0.0,0.0,0.0,0.0,0.0,0.0,0.0,0.0,0.0,0.0,0.0,0.0,0.0,0.0,0.0,0.0,0.0,0.0,0.0,0.0,0.0,0.0,0.0,0.0,0.0,0.0,0.0,0.0,0.0,0.0,0.0,0.0,0.0,0.0,0.0,0.0,0.0,0.0,0.0,0.0,0.0,0.0,0,0,0,0,0,0,0,0,0,0,0,0,0,0,0,0,0,0,0,0,0,0,0,0,0,0,0,0,0,0.0,0.0,0.0,0.0,0.0,0.0,0.0,0.0,0.0,0.0,0.0,0.0,0.0,0.0,0.0,0.0,0.0,0.0,0.0,0.0,0.0,0.0,0.0,0.0,0.0,0.0,0,0.0,0.0,0.0
Jonah,0.0,0.0,0.0,0.0,0.0,0.0,0.0,0.0,0.0,0.0,0.0,0.0,0.0,0.0,0.0,0.0,0.0,0.0,0.0,0.0,0.0,0.0,0.0,0.0,0.0,0.0,0.0,0.0,0.0,0.0,0.0,0.0,0.0,0.0,0.0,0.0,0.0,0.0,0.0,0.0,0.0,0.0,0.0,0.0,0.0,0.0,0.0,0.0,0.0,0.0,0.0,0.0,0.0,0.0,0.0,0.0,0.0,0.0,0.0,0.0,0.0,0.0,0.0,0.0,0.0,0.0,0.0,0.0,0.0,0.0,0.0,0.0,0.0,0.0,0.0,0.0,0.0,0.0,0.0,0.0,0.0,0.0,0.0,0.0,0.0,0.0,0.0,0.0,0.0,0.0,0.0,0.0,0.0,0.0,0.0,0.0,0.0,0.0,0.0,0.0,0.0,0.0,0.0,0.0,0.0,0.0,0.0,0.0,0.0,0.0,0.0,0.0,0.0,0.0,0.0,0.0,0.0,0.0,0.0,0.0,0.0,0.0,0.0,0,0,0,0,0,0,0,0,0,0,0,0,0,0,0,0,0,0,0,0,0,0,0,0,0,0,0,0,0,0.0,0.0,0.0,0.0,0.0,0.0,0.0,0.0,0.0,0.0,0.0,0.0,0.0,0.0,0.0,0.0,0.0,0.0,0.0,0.0,0.0,0.0,0.0,0.0,0.0,0.0,0,0.0,0.0,0.0
Micah,0.0,0.0,1.0,0.0,0.0,0.0,0.0,0.0,2.0,2.0,0.0,0.0,0.0,0.0,0.0,0.0,0.0,0.0,0.0,1.0,0.0,0.0,0.0,1.0,0.0,0.0,0.0,0.0,1.0,1.0,0.0,0.0,0.0,0.0,0.0,0.0,0.0,0.0,0.0,0.0,0.0,0.0,0.0,1.0,0.0,0.0,0.0,0.0,0.0,0.0,0.0,1.0,0.0,0.0,0.0,0.0,0.0,0.0,0.0,0.0,0.0,0.0,0.0,0.0,0.0,0.0,0.0,0.0,0.0,0.0,0.0,0.0,0.0,0.0,0.0,0.0,0.0,0.0,0.0,0.0,0.0,0.0,0.0,0.0,0.0,0.0,0.0,0.0,0.0,1.0,0.0,0.0,0.0,0.0,0.0,0.0,0.0,0.0,0.0,0.0,0.0,0.0,1.0,0.0,0.0,0.0,0.0,0.0,0.0,0.0,0.0,0.0,0.0,0.0,0.0,0.0,0.0,0.0,0.0,0.0,0.0,0.0,0.0,0,0,0,0,0,0,0,0,0,0,0,0,0,0,0,0,0,0,0,0,0,0,0,0,0,0,0,0,0,0.022222222222222223,0.022222222222222223,0.13333333333333333,0.06666666666666667,0.05555555555555555,0.08888888888888889,0.06666666666666667,0.06666666666666667,0.011111111111111112,0.06666666666666667,0.011111111111111112,0.13333333333333333,0.0,0.044444444444444446,0.022222222222222223,0.06666666666666667,0.044444444444444446,0.0,0.0,0.05555555555555555,0.0,0.022222222222222223,0.0,0.0,0.0,0.0,18,5.0,18.0,13.999999999999996
Nahum,0.0,0.0,0.0,0.0,0.0,0.0,0.0,0.0,0.0,0.0,0.0,0.0,0.0,0.0,0.0,0.0,0.0,0.0,0.0,0.0,0.0,0.0,0.0,0.0,0.0,0.0,0.0,0.0,0.0,0.0,0.0,0.0,0.0,0.0,0.0,0.0,0.0,0.0,0.0,0.0,0.0,0.0,0.0,0.0,0.0,0.0,0.0,0.0,0.0,0.0,0.0,0.0,0.0,0.0,0.0,0.0,0.0,0.0,0.0,0.0,0.0,0.0,0.0,0.0,0.0,0.0,0.0,0.0,0.0,0.0,0.0,0.0,0.0,0.0,0.0,0.0,0.0,0.0,0.0,0.0,0.0,0.0,0.0,0.0,0.0,0.0,0.0,0.0,0.0,0.0,0.0,0.0,0.0,0.0,0.0,0.0,0.0,0.0,0.0,0.0,0.0,0.0,0.0,0.0,0.0,0.0,0.0,0.0,0.0,0.0,0.0,0.0,0.0,0.0,0.0,0.0,0.0,0.0,0.0,0.0,0.0,0.0,0.0,0,0,0,0,0,0,0,0,0,0,0,0,0,0,0,0,0,0,0,0,0,0,0,0,0,0,0,0,0,0.0,0.0,0.0,0.0,0.0,0.0,0.0,0.0,0.0,0.0,0.0,0.0,0.0,0.0,0.0,0.0,0.0,0.0,0.0,0.0,0.0,0.0,0.0,0.0,0.0,0.0,0,0.0,0.0,0.0
Habakkuk,0.0,0.0,0.0,0.0,0.0,0.0,0.0,0.0,0.0,0.0,0.0,0.0,0.0,0.0,0.0,0.0,0.0,0.0,0.0,0.0,0.0,0.0,0.0,0.0,0.0,0.0,0.0,0.0,0.0,0.0,0.0,0.0,0.0,0.0,0.0,0.0,0.0,0.0,0.0,0.0,0.0,0.0,0.0,0.0,0.0,0.0,0.0,0.0,0.0,0.0,0.0,0.0,0.0,0.0,0.0,0.0,0.0,0.0,0.0,0.0,0.0,0.0,0.0,0.0,0.0,0.0,0.0,0.0,0.0,0.0,0.0,0.0,0.0,0.0,0.0,0.0,0.0,0.0,0.0,0.0,0.0,0.0,0.0,0.0,0.0,0.0,0.0,0.0,0.0,0.0,0.0,0.0,0.0,0.0,0.0,0.0,0.0,0.0,0.0,0.0,0.0,0.0,0.0,0.0,0.0,0.0,0.0,0.0,0.0,0.0,0.0,0.0,0.0,0.0,0.0,0.0,0.0,0.0,0.0,0.0,0.0,0.0,0.0,0,0,0,0,0,0,0,0,0,0,0,0,0,0,0,0,0,0,0,0,0,0,0,0,0,0,0,0,0,0.0,0.0,0.0,0.0,0.0,0.0,0.0,0.0,0.0,0.0,0.0,0.0,0.0,0.0,0.0,0.0,0.0,0.0,0.0,0.0,0.0,0.0,0.0,0.0,0.0,0.0,0,0.0,0.0,0.0
Zephaniah,0.0,0.0,0.0,0.0,0.0,0.0,0.0,0.0,0.0,0.0,0.0,0.0,0.0,0.0,0.0,0.0,0.0,0.0,0.0,0.0,0.0,0.0,0.0,0.0,0.0,0.0,0.0,0.0,0.0,0.0,0.0,0.0,0.0,0.0,0.0,0.0,0.0,0.0,0.0,0.0,0.0,0.0,0.0,0.0,0.0,0.0,0.0,0.0,0.0,0.0,0.0,0.0,0.0,0.0,0.0,0.0,0.0,0.0,0.0,0.0,0.0,0.0,0.0,0.0,0.0,0.0,0.0,0.0,0.0,0.0,0.0,0.0,0.0,0.0,0.0,0.0,0.0,0.0,0.0,0.0,0.0,0.0,0.0,0.0,0.0,0.0,0.0,0.0,0.0,0.0,0.0,0.0,0.0,0.0,0.0,0.0,0.0,0.0,0.0,0.0,0.0,0.0,0.0,0.0,0.0,0.0,0.0,0.0,0.0,0.0,0.0,0.0,0.0,0.0,0.0,0.0,0.0,0.0,0.0,0.0,0.0,0.0,0.0,0,0,0,0,0,0,0,0,0,0,0,0,0,0,0,0,0,0,0,0,0,0,0,0,0,0,0,0,0,0.0,0.0,0.0,0.0,0.0,0.0,0.0,0.0,0.0,0.0,0.0,0.0,0.0,0.0,0.0,0.0,0.0,0.0,0.0,0.0,0.0,0.0,0.0,0.0,0.0,0.0,0,0.0,0.0,0.0
Haggai,0.0,0.0,0.0,0.0,0.0,0.0,0.0,0.0,0.0,0.0,0.0,0.0,0.0,0.0,0.0,0.0,0.0,0.0,0.0,0.0,0.0,0.0,0.0,0.0,0.0,0.0,0.0,0.0,0.0,0.0,0.0,0.0,0.0,0.0,0.0,0.0,0.0,0.0,0.0,0.0,0.0,0.0,0.0,0.0,0.0,0.0,0.0,0.0,0.0,0.0,0.0,0.0,0.0,0.0,0.0,0.0,0.0,0.0,0.0,0.0,0.0,0.0,0.0,0.0,0.0,0.0,0.0,0.0,0.0,0.0,0.0,0.0,0.0,0.0,0.0,0.0,0.0,0.0,0.0,0.0,0.0,0.0,0.0,0.0,0.0,0.0,0.0,0.0,0.0,0.0,0.0,0.0,0.0,0.0,0.0,0.0,0.0,0.0,0.0,0.0,0.0,0.0,0.0,0.0,0.0,0.0,0.0,0.0,0.0,0.0,0.0,0.0,0.0,0.0,0.0,0.0,0.0,0.0,0.0,0.0,0.0,0.0,0.0,0,0,0,0,0,0,0,0,0,0,0,0,0,0,0,0,0,0,0,0,0,0,0,0,0,0,0,0,0,0.0,0.0,0.0,0.0,0.0,0.0,0.0,0.0,0.0,0.0,0.0,0.0,0.0,0.0,0.0,0.0,0.0,0.0,0.0,0.0,0.0,0.0,0.0,0.0,0.0,0.0,0,0.0,0.0,0.0
Zechariah,0.0,1.0,6.0,2.0,0.0,0.0,1.0,1.0,9.0,4.0,1.0,0.0,1.0,0.0,1.0,0.0,4.0,0.0,1.0,2.0,0.0,0.0,0.0,1.0,2.0,0.0,0.0,0.0,1.0,0.0,0.0,0.0,0.0,0.0,0.0,0.0,1.0,0.0,1.0,0.0,0.0,0.0,0.0,0.0,0.0,0.0,0.0,0.0,0.0,1.0,0.0,0.0,0.0,0.0,0.0,0.0,0.0,0.0,0.0,0.0,0.0,0.0,0.0,0.0,0.0,0.0,0.0,0.0,0.0,0.0,0.0,0.0,0.0,0.0,0.0,0.0,0.0,0.0,3.0,0.0,0.0,0.0,0.0,0.0,0.0,0.0,0.0,0.0,0.0,0.0,0.0,0.0,0.0,0.0,0.0,0.0,0.0,0.0,0.0,0.0,1.0,0.0,0.0,0.0,0.0,0.0,0.0,0.0,0.0,0.0,0.0,0.0,0.0,0.0,1.0,0.0,1.0,0.0,0.0,0.0,0.0,0.0,0.0,0,0,0,0,0,0,0,0,0,0,0,0,0,0,0,0,0,0,0,0,0,0,0,0,0,0,0,0,0,0.007407407407407408,0.022222222222222223,0.09259259259259259,0.040740740740740744,0.05185185185185185,0.08888888888888889,0.11851851851851852,0.0962962962962963,0.014814814814814815,0.06666666666666667,0.022222222222222223,0.11851851851851852,0.003703703703703704,0.037037037037037035,0.003703703703703704,0.05555555555555555,0.03333333333333333,0.014814814814814815,0.007407407407407408,0.040740740740740744,0.03333333333333333,0.011111111111111112,0.0,0.003703703703703704,0.003703703703703704,0.011111111111111112,71,3.8028169014084505,35.5,48.000000000000014
Malachi,0.0,0.0,0.0,0.0,0.0,0.0,0.0,0.0,0.0,0.0,0.0,0.0,0.0,0.0,0.0,0.0,0.0,0.0,0.0,0.0,0.0,0.0,0.0,0.0,0.0,0.0,0.0,0.0,0.0,0.0,0.0,0.0,0.0,0.0,0.0,0.0,0.0,0.0,0.0,0.0,0.0,0.0,0.0,0.0,0.0,0.0,0.0,0.0,0.0,0.0,0.0,0.0,0.0,0.0,0.0,0.0,0.0,0.0,0.0,0.0,0.0,0.0,0.0,0.0,0.0,0.0,0.0,0.0,0.0,0.0,0.0,0.0,0.0,0.0,0.0,0.0,0.0,0.0,0.0,0.0,0.0,0.0,0.0,0.0,0.0,0.0,0.0,0.0,0.0,0.0,0.0,0.0,0.0,0.0,0.0,0.0,0.0,0.0,0.0,0.0,0.0,0.0,0.0,0.0,0.0,0.0,0.0,0.0,0.0,0.0,0.0,0.0,0.0,0.0,0.0,0.0,0.0,0.0,0.0,0.0,0.0,0.0,0.0,0,0,0,0,0,0,0,0,0,0,0,0,0,0,0,0,0,0,0,0,0,0,0,0,0,0,0,0,0,0.0,0.0,0.0,0.0,0.0,0.0,0.0,0.0,0.0,0.0,0.0,0.0,0.0,0.0,0.0,0.0,0.0,0.0,0.0,0.0,0.0,0.0,0.0,0.0,0.0,0.0,0,0.0,0.0,0.0
Matthew,2.0,2.0,1.0,2.0,0.0,6.0,1.0,6.0,12.0,9.0,0.0,0.0,3.0,0.0,1.0,4.0,11.0,1.0,3.0,2.0,1.0,0.0,0.0,1.0,4.0,0.0,0.0,0.0,0.0,0.0,0.0,1.0,0.0,0.0,4.0,2.0,0.0,0.0,2.0,0.0,2.0,3.0,0.0,1.0,0.0,0.0,1.0,0.0,0.0,0.0,0.0,0.0,0.0,0.0,0.0,0.0,0.0,0.0,0.0,0.0,6.0,0.0,0.0,0.0,0.0,0.0,0.0,1.0,0.0,0.0,1.0,0.0,0.0,0.0,0.0,0.0,2.0,0.0,3.0,0.0,1.0,0.0,1.0,0.0,0.0,6.0,1.0,0.0,0.0,1.0,0.0,0.0,2.0,4.0,0.0,0.0,0.0,0.0,0.0,0.0,0.0,0.0,0.0,1.0,0.0,1.0,0.0,0.0,0.0,0.0,1.0,0.0,0.0,0.0,0.0,0.0,0.0,0.0,0.0,0.0,0.0,0.0,0.0,0,0,0,0,0,0,0,0,0,0,0,0,0,0,0,0,0,0,0,0,0,0,0,0,0,0,0,0,0,0.012600229095074456,0.030927835051546393,0.10538373424971363,0.07445589919816724,0.0836197021764032,0.10423825887743414,0.07674684994272624,0.029782359679266894,0.011454753722794959,0.05956471935853379,0.020618556701030927,0.12485681557846506,0.01718213058419244,0.018327605956471937,0.025200458190148912,0.06300114547537228,0.030927835051546393,0.003436426116838488,0.0057273768613974796,0.045819014891179836,0.021764032073310423,0.020618556701030927,0.0,0.0,0.004581901489117984,0.0,214,4.079439252336448,21.4,120.99083619702178
Mark,1.0,0.0,1.0,2.0,0.0,0.0,1.0,1.0,3.0,2.0,0.0,0.0,0.0,0.0,0.0,1.0,13.0,0.0,0.0,3.0,0.0,0.0,0.0,1.0,1.0,0.0,1.0,0.0,0.0,0.0,0.0,0.0,2.0,0.0,4.0,0.0,0.0,0.0,3.0,0.0,1.0,1.0,1.0,3.0,0.0,0.0,0.0,0.0,0.0,3.0,0.0,0.0,0.0,0.0,0.0,0.0,0.0,0.0,0.0,0.0,7.0,0.0,0.0,0.0,0.0,0.0,0.0,0.0,0.0,0.0,0.0,0.0,0.0,0.0,0.0,0.0,0.0,0.0,2.0,0.0,0.0,0.0,1.0,0.0,0.0,1.0,0.0,0.0,0.0,1.0,0.0,1.0,0.0,0.0,0.0,0.0,0.0,0.0,0.0,0.0,0.0,0.0,0.0,0.0,2.0,0.0,0.0,0.0,0.0,0.0,0.0,0.0,0.0,0.0,0.0,0.0,0.0,0.0,0.0,0.0,1.0,0.0,0.0,0,0,0,0,0,0,0,0,0,0,0,0,0,0,0,0,0,0,0,0,0,0,0,0,0,0,0,0,0,0.008528784648187633,0.019189765458422176,0.09808102345415778,0.06609808102345416,0.07889125799573561,0.07889125799573561,0.11087420042643924,0.021321961620469083,0.010660980810234541,0.05970149253731343,0.04477611940298507,0.1044776119402985,0.006396588486140725,0.017057569296375266,0.0255863539445629,0.05970149253731343,0.031982942430703626,0.014925373134328358,0.006396588486140725,0.05970149253731343,0.023454157782515993,0.014925373134328358,0.0,0.0,0.0021321961620469083,0.0,122,3.8442622950819674,20.166666666666668,65.9637526652452
Luke,3.0,2.0,1.0,25.0,1.0,2.0,3.0,7.0,32.0,20.0,1.0,0.0,2.0,0.0,5.0,0.0,22.0,8.0,4.0,6.0,1.0,0.0,1.0,6.0,2.0,7.0,0.0,0.0,7.0,3.0,0.0,0.0,5.0,0.0,6.0,8.0,2.0,0.0,4.0,0.0,4.0,3.0,1.0,0.0,1.0,1.0,5.0,0.0,1.0,1.0,0.0,0.0,0.0,3.0,0.0,0.0,2.0,0.0,0.0,1.0,10.0,0.0,1.0,0.0,0.0,1.0,0.0,2.0,0.0,0.0,1.0,0.0,6.0,3.0,0.0,2.0,3.0,0.0,1.0,1.0,0.0,0.0,1.0,0.0,0.0,4.0,0.0,0.0,0.0,1.0,0.0,5.0,1.0,0.0,1.0,0.0,0.0,0.0,0.0,3.0,3.0,2.0,0.0,0.0,6.0,0.0,0.0,1.0,4.0,0.0,1.0,2.0,3.0,0.0,0.0,0.0,0.0,0.0,0.0,0.0,0.0,1.0,0.0,0,0,0,0,0,0,0,0,0,0,0,0,0,0,0,0,0,0,0,0,0,0,0,0,0,0,0,0,0,0.013266998341625208,0.03275290215588723,0.09203980099502487,0.06633499170812604,0.05679933665008292,0.07545605306799337,0.08582089552238806,0.028192371475953566,0.02529021558872305,0.06923714759535655,0.03731343283582089,0.12645107794361526,0.02155887230514096,0.02902155887230514,0.0269485903814262,0.06467661691542288,0.0505804311774461,0.00538971807628524,0.006218905472636816,0.039386401326699835,0.014096185737976783,0.022388059701492536,0.0012437810945273632,0.0012437810945273632,0.006218905472636816,0.0,565,4.269026548672566,26.80952380952381,289.99792703150905
John,0.0,2.0,8.0,5.0,0.0,0.0,1.0,1.0,36.0,16.0,0.0,0.0,7.0,0.0,2.0,2.0,45.0,5.0,0.0,3.0,1.0,1.0,0.0,7.0,5.0,1.0,6.0,0.0,6.0,0.0,0.0,0.0,1.0,1.0,3.0,0.0,4.0,0.0,3.0,0.0,3.0,4.0,0.0,7.0,3.0,3.0,1.0,1.0,0.0,2.0,1.0,0.0,0.0,4.0,2.0,0.0,0.0,0.0,0.0,0.0,1.0,0.0,0.0,2.0,0.0,0.0,1.0,0.0,0.0,0.0,0.0,0.0,1.0,0.0,0.0,5.0,0.0,1.0,0.0,8.0,0.0,0.0,0.0,3.0,0.0,2.0,0.0,1.0,0.0,4.0,2.0,0.0,0.0,0.0,0.0,0.0,0.0,0.0,0.0,1.0,0.0,0.0,0.0,0.0,6.0,0.0,0.0,0.0,0.0,0.0,0.0,0.0,0.0,0.0,0.0,0.0,0.0,0.0,0.0,0.0,0.0,0.0,1.0,0,0,0,0,0,0,0,0,0,0,0,0,0,0,0,0,0,0,0,0,0,0,0,0,0,0,0,0,0,0.014554275318374773,0.015160703456640388,0.0861127956337174,0.04730139478471801,0.04851425106124924,0.08004851425106124,0.10066707095209218,0.030321406913280776,0.015767131594906003,0.07095209217707701,0.019405700424499697,0.14372346876895087,0.012734990903577926,0.0272892662219527,0.031534263189812006,0.0703456640388114,0.058823529411764705,0.0066707095209217705,0.010915706488781079,0.0661006670709521,0.010309278350515464,0.01758641600970285,0.0006064281382656155,0.0006064281382656155,0.002425712553062462,0.0,420,3.926190476190476,30.0,242.98847786537297
Paul,6.0,1.0,6.0,10.0,0.0,3.0,3.0,6.0,24.0,9.0,5.0,2.0,2.0,2.0,5.0,5.0,20.0,1.0,3.0,6.0,0.0,0.0,0.0,7.0,2.0,2.0,2.0,0.0,8.0,0.0,0.0,0.0,15.0,1.0,2.0,5.0,2.0,0.0,7.0,1.0,3.0,5.0,0.0,1.0,0.0,1.0,1.0,3.0,0.0,0.0,0.0,0.0,0.0,1.0,0.0,0.0,0.0,1.0,0.0,0.0,2.0,0.0,0.0,2.0,0.0,1.0,0.0,2.0,0.0,0.0,2.0,0.0,2.0,0.0,0.0,0.0,0.0,1.0,0.0,0.0,0.0,0.0,1.0,0.0,0.0,0.0,1.0,0.0,0.0,3.0,1.0,0.0,1.0,0.0,0.0,1.0,0.0,0.0,0.0,0.0,3.0,0.0,1.0,1.0,1.0,0.0,0.0,0.0,0.0,0.0,0.0,0.0,1.0,0.0,0.0,0.0,0.0,1.0,0.0,0.0,0.0,0.0,0.0,0,0,0,0,0,0,0,0,0,0,0,0,0,0,0,0,0,0,0,0,0,0,0,0,0,0,0,0,0,0.013110846245530394,0.03158522050059595,0.09952324195470799,0.06376638855780692,0.05363528009535161,0.07747318235995232,0.0768772348033373,0.04648390941597139,0.021454112038140644,0.0768772348033373,0.03158522050059595,0.11680572109654351,0.015494636471990465,0.02562574493444577,0.02026221692491061,0.05780691299165673,0.060786650774731825,0.010727056019070322,0.013110846245530394,0.04410011918951132,0.015494636471990465,0.021454112038140644,0.0011918951132300357,0.0011918951132300357,0.0017878426698450535,0.0,395,4.248101265822785,19.75,217.99821215733016
Unknown,2.0,0.0,0.0,5.0,0.0,0.0,1.0,0.0,2.0,2.0,0.0,0.0,2.0,1.0,0.0,1.0,1.0,0.0,0.0,1.0,0.0,0.0,0.0,0.0,0.0,0.0,0.0,0.0,2.0,0.0,0.0,0.0,0.0,0.0,0.0,1.0,0.0,0.0,1.0,0.0,0.0,2.0,1.0,0.0,0.0,1.0,0.0,0.0,0.0,0.0,0.0,0.0,0.0,0.0,0.0,0.0,0.0,0.0,0.0,0.0,1.0,0.0,0.0,0.0,0.0,1.0,0.0,0.0,0.0,0.0,0.0,0.0,0.0,0.0,0.0,0.0,0.0,0.0,0.0,0.0,0.0,0.0,1.0,0.0,0.0,0.0,0.0,0.0,0.0,0.0,0.0,0.0,0.0,0.0,0.0,0.0,1.0,0.0,0.0,0.0,0.0,0.0,0.0,0.0,0.0,2.0,0.0,0.0,0.0,0.0,0.0,1.0,1.0,0.0,0.0,0.0,0.0,0.0,0.0,0.0,0.0,0.0,0.0,0,0,0,0,0,0,0,0,0,0,0,0,0,0,0,0,0,0,0,0,0,0,0,0,0,0,0,0,0,0.013392857142857142,0.04017857142857143,0.09821428571428571,0.08482142857142858,0.05803571428571429,0.049107142857142856,0.049107142857142856,0.03125,0.049107142857142856,0.11160714285714286,0.022321428571428572,0.11160714285714286,0.013392857142857142,0.049107142857142856,0.017857142857142856,0.05803571428571429,0.05357142857142857,0.008928571428571428,0.008928571428571428,0.026785714285714284,0.013392857142857142,0.03125,0.0,0.0,0.0,0.0,55,4.072727272727272,18.333333333333332,35.000000000000014
James,0.0,0.0,0.0,0.0,0.0,0.0,0.0,0.0,3.0,3.0,1.0,0.0,0.0,0.0,0.0,0.0,1.0,0.0,0.0,0.0,0.0,0.0,0.0,0.0,1.0,0.0,0.0,0.0,1.0,0.0,0.0,0.0,0.0,0.0,0.0,1.0,0.0,0.0,0.0,1.0,0.0,0.0,0.0,0.0,0.0,0.0,0.0,0.0,0.0,0.0,0.0,0.0,0.0,0.0,0.0,0.0,0.0,0.0,0.0,0.0,0.0,0.0,0.0,0.0,0.0,0.0,0.0,0.0,0.0,0.0,0.0,0.0,0.0,0.0,0.0,0.0,0.0,0.0,0.0,0.0,0.0,0.0,0.0,0.0,0.0,0.0,0.0,0.0,0.0,0.0,0.0,0.0,0.0,0.0,0.0,0.0,0.0,0.0,0.0,0.0,1.0,0.0,0.0,1.0,0.0,0.0,0.0,0.0,0.0,0.0,0.0,0.0,0.0,0.0,0.0,0.0,0.0,0.0,0.0,0.0,0.0,0.0,0.0,0,0,0,0,0,0,0,0,0,0,0,0,0,0,0,0,0,0,0,0,0,0,0,0,0,0,0,0,0,0.00980392156862745,0.00980392156862745,0.0784313725490196,0.049019607843137254,0.029411764705882353,0.06862745098039216,0.0784313725490196,0.029411764705882353,0.0196078431372549,0.08823529411764706,0.029411764705882353,0.14705882352941177,0.049019607843137254,0.0784313725490196,0.00980392156862745,0.08823529411764706,0.058823529411764705,0.0196078431372549,0.00980392156862745,0.0196078431372549,0.00980392156862745,0.00980392156862745,0.00980392156862745,0.0,0.0,0.0,23,4.434782608695652,23.0,14.999999999999996
Peter,0.0,0.0,0.0,0.0,0.0,0.0,0.0,0.0,0.0,0.0,0.0,0.0,0.0,0.0,1.0,0.0,0.0,0.0,0.0,0.0,0.0,1.0,0.0,0.0,0.0,0.0,0.0,0.0,2.0,0.0,0.0,0.0,0.0,0.0,1.0,0.0,0.0,0.0,0.0,0.0,0.0,0.0,0.0,0.0,0.0,0.0,0.0,0.0,0.0,0.0,0.0,0.0,0.0,0.0,0.0,0.0,0.0,0.0,0.0,0.0,1.0,0.0,0.0,0.0,0.0,0.0,0.0,0.0,0.0,0.0,0.0,0.0,0.0,0.0,0.0,0.0,0.0,0.0,0.0,0.0,0.0,0.0,0.0,0.0,1.0,0.0,0.0,0.0,0.0,0.0,0.0,0.0,0.0,0.0,0.0,0.0,0.0,0.0,0.0,0.0,0.0,0.0,0.0,0.0,0.0,0.0,0.0,0.0,0.0,0.0,0.0,0.0,0.0,0.0,0.0,0.0,0.0,0.0,0.0,0.0,0.0,0.0,0.0,0,0,0,0,0,0,0,0,0,0,0,0,0,0,0,0,0,0,0,0,0,0,0,0,0,0,0,0,0,0.0,0.07142857142857142,0.047619047619047616,0.047619047619047616,0.023809523809523808,0.07142857142857142,0.09523809523809523,0.047619047619047616,0.07142857142857142,0.11904761904761904,0.023809523809523808,0.07142857142857142,0.023809523809523808,0.047619047619047616,0.0,0.047619047619047616,0.11904761904761904,0.0,0.0,0.0,0.047619047619047616,0.023809523809523808,0.0,0.0,0.0,0.0,11,3.8181818181818183,11.0,7.9999999999999964
Jude,0.0,0.0,0.0,0.0,0.0,0.0,0.0,0.0,0.0,0.0,0.0,0.0,0.0,0.0,0.0,0.0,0.0,0.0,0.0,0.0,0.0,0.0,0.0,0.0,0.0,0.0,0.0,0.0,0.0,0.0,0.0,0.0,0.0,0.0,0.0,0.0,0.0,0.0,0.0,0.0,0.0,0.0,0.0,0.0,0.0,0.0,0.0,0.0,0.0,0.0,0.0,0.0,0.0,0.0,0.0,0.0,0.0,0.0,0.0,0.0,0.0,0.0,0.0,0.0,0.0,0.0,0.0,0.0,0.0,0.0,0.0,0.0,0.0,0.0,0.0,0.0,0.0,0.0,0.0,0.0,0.0,0.0,0.0,0.0,0.0,0.0,0.0,0.0,0.0,0.0,0.0,0.0,0.0,0.0,0.0,0.0,0.0,0.0,0.0,0.0,0.0,0.0,0.0,0.0,0.0,0.0,0.0,0.0,0.0,0.0,0.0,0.0,0.0,0.0,0.0,0.0,0.0,0.0,0.0,0.0,0.0,0.0,0.0,0,0,0,0,0,0,0,0,0,0,0,0,0,0,0,0,0,0,0,0,0,0,0,0,0,0,0,0,0,0.0,0.0,0.0,0.0,0.0,0.0,0.0,0.0,0.0,0.0,0.0,0.0,0.0,0.0,0.0,0.0,0.0,0.0,0.0,0.0,0.0,0.0,0.0,0.0,0.0,0.0,0,0.0,0.0,0.0
