Author,abundance_FC,abundance_WC,according_FC,according_WC,again_FC,again_WC,all_FC,all_WC,also_FC,also_WC,among_FC,among_WC,an_FC,an_WC,and_FC,and_WC,are_FC,are_WC,as_FC,as_WC,be_FC,be_WC,became_FC,became_WC,because_FC,because_WC,becometh_FC,becometh_WC,been_FC,been_WC,being_FC,being_WC,but_FC,but_WC,by_FC,by_WC,cometh_FC,cometh_WC,could_FC,could_WC,did_FC,did_WC,didst_FC,didst_WC,do_FC,do_WC,doeth_FC,doeth_WC,downward_FC,downward_WC,each_FC,each_WC,ever_FC,ever_WC,every_FC,every_WC,for_FC,for_WC,forth_FC,forth_WC,forthwith_FC,forthwith_WC,from_FC,from_WC,god_FC,god_WC,had_FC,had_WC,hast_FC,hast_WC,hath_FC,hath_WC,have_FC,have_WC,he_FC,he_WC,hence_FC,hence_WC,henceforth_FC,henceforth_WC,her_FC,her_WC,hereof_FC,hereof_WC,him_FC,him_WC,himself_FC,himself_WC,his_FC,his_WC,how_FC,how_WC,if_FC,if_WC,in_FC,in_WC,inasmuch_FC,inasmuch_WC,into_FC,into_WC,is_FC,is_WC,it_FC,it_WC,lest_FC,lest_WC,let_FC,let_WC,like_FC,like_WC,lord_FC,lord_WC,make_FC,make_WC,man_FC,man_WC,many_FC,many_WC,may_FC,may_WC,me_FC,me_WC,more_FC,more_WC,moreover_FC,moreover_WC,much_FC,much_WC,must_FC,must_WC,my_FC,my_WC,neither_FC,neither_WC,no_FC,no_WC,not_FC,not_WC,notwithstanding_FC,notwithstanding_WC,now_FC,now_WC,of_FC,of_WC,oft_FC,oft_WC,oftentimes_FC,oftentimes_WC,once_FC,once_WC,one_FC,one_WC,or_FC,or_WC,other_FC,other_WC,ought_FC,ought_WC,our_FC,our_WC,out_FC,out_WC,outward_FC,outward_WC,said_FC,said_WC,say_FC,say_WC,shall_FC,shall_WC,shalt_FC,shalt_WC,should_FC,should_WC,shouldest_FC,shouldest_WC,some_FC,some_WC,such_FC,such_WC,than_FC,than_WC,that_FC,that_WC,the_FC,the_WC,thee_FC,thee_WC,their_FC,their_WC,them_FC,them_WC,then_FC,then_WC,thence_FC,thence_WC,there_FC,there_WC,thereby_FC,thereby_WC,therefore_FC,therefore_WC,therefrom_FC,therefrom_WC,therein_FC,therein_WC,thereof_FC,thereof_WC,thereon_FC,thereon_WC,thereunto_FC,thereunto_WC,thereupon_FC,thereupon_WC,therewith_FC,therewith_WC,these_FC,these_WC,they_FC,they_WC,thine_FC,thine_WC,those_FC,those_WC,thou_FC,thou_WC,throughout_FC,throughout_WC,thus_FC,thus_WC,thy_FC,thy_WC,thyself_FC,thyself_WC,till_FC,till_WC,to_FC,to_WC,underneath_FC,underneath_WC,unto_FC,unto_WC,upon_FC,upon_WC,upward_FC,upward_WC,verily_FC,verily_WC,was_FC,was_WC,we_FC,we_WC,were_FC,were_WC,what_FC,what_WC,when_FC,when_WC,whence_FC,whence_WC,where_FC,where_WC,whereby_FC,whereby_WC,wherefore_FC,wherefore_WC,wherein_FC,wherein_WC,whereof_FC,whereof_WC,whereto_FC,whereto_WC,whereunto_FC,whereunto_WC,wherewith_FC,wherewith_WC,which_FC,which_WC,whither_FC,whither_WC,who_FC,who_WC,whom_FC,whom_WC,whose_FC,whose_WC,whoso_FC,whoso_WC,will_FC,will_WC,with_FC,with_WC,without_FC,without_WC,would_FC,would_WC,ye_FC,ye_WC,yea_FC,yea_WC,yet_FC,yet_WC,your_FC,your_WC,a_percentage_use,b_percentage_use,c_percentage_use,d_percentage_use,e_percentage_use,f_percentage_use,g_percentage_use,h_percentage_use,i_percentage_use,j_percentage_use,k_percentage_use,l_percentage_use,m_percentage_use,n_percentage_use,o_percentage_use,p_percentage_use,q_percentage_use,r_percentage_use,s_percentage_use,t_percentage_use,u_percentage_use,v_percentage_use,w_percentage_use,x_percentage_use,y_percentage_use,z_percentage_use,Function_Word_Use,Total_Word_Count,Total_Function_Word_Count,AVG_Letter_Per_Word,AVG_Word_Per_Verse
Moses,0.0,0.0,0.0,0.0,0.24844895452283827,0.13986013986013987,0.6211223863070957,0.34965034965034963,0.49689790904567654,0.27972027972027974,0.0,0.0,0.7453468635685148,0.4195804195804196,16.14918204398449,9.090909090909092,0.0,0.0,0.24844895452283827,0.13986013986013987,2.484489545228383,1.3986013986013985,0.0,0.0,0.12422447726141914,0.06993006993006994,0.0,0.0,0.0,0.0,0.0,0.0,0.6211223863070957,0.34965034965034963,0.49689790904567654,0.27972027972027974,0.0,0.0,0.0,0.0,0.0,0.0,0.0,0.0,0.12422447726141914,0.06993006993006994,0.0,0.0,0.0,0.0,0.12422447726141914,0.06993006993006994,0.0,0.0,0.24844895452283827,0.13986013986013987,1.1180202953527723,0.6293706293706294,0.3726734317842574,0.2097902097902098,0.0,0.0,0.7453468635685148,0.4195804195804196,1.3664692498756106,0.7692307692307693,0.6211223863070957,0.34965034965034963,0.12422447726141914,0.06993006993006994,0.3726734317842574,0.2097902097902098,0.8695713408299339,0.48951048951048953,2.8571629770126403,1.6083916083916083,0.0,0.0,0.0,0.0,1.9875916361827062,1.118881118881119,0.0,0.0,2.1118161134441253,1.1888111888111887,0.12422447726141914,0.06993006993006994,1.7391426816598679,0.9790209790209791,0.0,0.0,0.12422447726141914,0.06993006993006994,2.732938499751221,1.5384615384615385,0.0,0.0,0.24844895452283827,0.13986013986013987,1.2422447726141914,0.6993006993006993,1.1180202953527723,0.6293706293706294,0.12422447726141914,0.06993006993006994,0.12422447726141914,0.06993006993006994,0.0,0.0,2.1118161134441253,1.1888111888111887,0.3726734317842574,0.2097902097902098,0.3726734317842574,0.2097902097902098,0.24844895452283827,0.13986013986013987,0.24844895452283827,0.13986013986013987,1.6149182043984487,0.9090909090909091,0.12422447726141914,0.06993006993006994,0.0,0.0,0.0,0.0,0.0,0.0,1.1180202953527723,0.6293706293706294,0.12422447726141914,0.06993006993006994,0.24844895452283827,0.13986013986013987,0.9937958180913531,0.5594405594405595,0.0,0.0,0.3726734317842574,0.2097902097902098,5.714325954025281,3.2167832167832167,0.0,0.0,0.0,0.0,0.0,0.0,0.3726734317842574,0.2097902097902098,0.0,0.0,0.0,0.0,0.0,0.0,0.0,0.0,0.6211223863070957,0.34965034965034963,0.0,0.0,2.608714022489802,1.4685314685314685,0.12422447726141914,0.06993006993006994,2.1118161134441253,1.1888111888111887,0.6211223863070957,0.34965034965034963,0.0,0.0,0.12422447726141914,0.06993006993006994,0.0,0.0,0.0,0.0,0.0,0.0,2.608714022489802,1.4685314685314685,10.559080567220628,5.944055944055944,2.3602650679669637,1.3286713286713288,0.3726734317842574,0.2097902097902098,1.2422447726141914,0.6993006993006993,0.0,0.0,0.0,0.0,0.12422447726141914,0.06993006993006994,0.0,0.0,0.0,0.0,0.0,0.0,0.0,0.0,0.0,0.0,0.0,0.0,0.0,0.0,0.0,0.0,0.0,0.0,0.3726734317842574,0.2097902097902098,0.6211223863070957,0.34965034965034963,0.6211223863070957,0.34965034965034963,0.12422447726141914,0.06993006993006994,1.6149182043984487,0.9090909090909091,0.0,0.0,0.0,0.0,2.2360405907055445,1.2587412587412588,0.24844895452283827,0.13986013986013987,0.0,0.0,2.732938499751221,1.5384615384615385,0.0,0.0,3.1056119315354787,1.7482517482517483,0.49689790904567654,0.27972027972027974,0.0,0.0,0.0,0.0,1.2422447726141914,0.6993006993006993,0.0,0.0,0.24844895452283827,0.13986013986013987,0.12422447726141914,0.06993006993006994,1.1180202953527723,0.6293706293706294,0.12422447726141914,0.06993006993006994,0.0,0.0,0.12422447726141914,0.06993006993006994,0.12422447726141914,0.06993006993006994,0.12422447726141914,0.06993006993006994,0.0,0.0,0.0,0.0,0.0,0.0,0.0,0.0,0.7453468635685148,0.4195804195804196,0.12422447726141914,0.06993006993006994,0.12422447726141914,0.06993006993006994,0.12422447726141914,0.06993006993006994,0.12422447726141914,0.06993006993006994,0.0,0.0,1.6149182043984487,0.9090909090909091,1.1180202953527723,0.6293706293706294,0.0,0.0,0.0,0.0,0.0,0.0,0.0,0.0,0.12422447726141914,0.06993006993006994,0.0,0.0,0.1078830823737821,0.0216120460584588,0.0134632418069087,0.0611160318866253,0.1255978742249778,0.0200177147918511,0.0187776793622674,0.0844995571302037,0.0604074402125775,0.0005314437555358,0.0063773250664304,0.0396811337466784,0.0317094774136403,0.0744021257750221,0.0627103631532329,0.00814880425155,0.0001771479185119,0.0519043401240035,0.0545615589016829,0.0864481842338352,0.0196634189548272,0.0092116917626217,0.0189548272807794,0.0008857395925597,0.0145261293179805,0.0010628875110717,0.5629330987878375,1430,804.9943312666076,3.947552447552448,24.517241379310345
Joshua,0.0,0.0,0.8474670275426784,0.5235602094240838,0.0,0.0,3.3898681101707138,2.094240837696335,0.0,0.0,0.0,0.0,0.0,0.0,14.406939468225533,8.900523560209423,0.0,0.0,0.0,0.0,6.7797362203414275,4.18848167539267,0.0,0.0,0.8474670275426784,0.5235602094240838,0.0,0.0,0.0,0.0,0.0,0.0,0.8474670275426784,0.5235602094240838,0.0,0.0,0.0,0.0,0.0,0.0,0.0,0.0,0.0,0.0,0.8474670275426784,0.5235602094240838,0.0,0.0,0.0,0.0,0.0,0.0,0.0,0.0,0.0,0.0,0.8474670275426784,0.5235602094240838,0.0,0.0,0.0,0.0,0.8474670275426784,0.5235602094240838,0.0,0.0,0.0,0.0,0.8474670275426784,0.5235602094240838,0.8474670275426784,0.5235602094240838,0.0,0.0,0.0,0.0,0.0,0.0,0.0,0.0,0.0,0.0,0.0,0.0,1.6949340550853569,1.0471204188481675,0.0,0.0,2.542401082628035,1.5706806282722512,0.0,0.0,1.6949340550853569,1.0471204188481675,1.6949340550853569,1.0471204188481675,0.0,0.0,1.6949340550853569,1.0471204188481675,0.0,0.0,1.6949340550853569,1.0471204188481675,0.0,0.0,0.0,0.0,0.0,0.0,0.8474670275426784,0.5235602094240838,0.0,0.0,0.0,0.0,0.0,0.0,0.0,0.0,0.0,0.0,0.0,0.0,0.0,0.0,0.0,0.0,0.0,0.0,0.0,0.0,0.0,0.0,0.0,0.0,0.8474670275426784,0.5235602094240838,0.0,0.0,0.0,0.0,5.08480216525607,3.1413612565445024,0.0,0.0,0.0,0.0,0.0,0.0,0.0,0.0,0.0,0.0,0.0,0.0,0.0,0.0,2.542401082628035,1.5706806282722512,0.8474670275426784,0.5235602094240838,0.0,0.0,1.6949340550853569,1.0471204188481675,0.0,0.0,4.237335137713392,2.6178010471204187,0.0,0.0,0.0,0.0,0.0,0.0,0.0,0.0,0.0,0.0,0.0,0.0,1.6949340550853569,1.0471204188481675,13.559472440682855,8.37696335078534,0.8474670275426784,0.5235602094240838,0.0,0.0,3.3898681101707138,2.094240837696335,0.8474670275426784,0.5235602094240838,0.0,0.0,0.8474670275426784,0.5235602094240838,0.0,0.0,0.0,0.0,0.0,0.0,0.0,0.0,0.0,0.0,0.0,0.0,0.0,0.0,0.0,0.0,0.0,0.0,0.0,0.0,2.542401082628035,1.5706806282722512,0.8474670275426784,0.5235602094240838,0.0,0.0,1.6949340550853569,1.0471204188481675,0.8474670275426784,0.5235602094240838,0.0,0.0,0.8474670275426784,0.5235602094240838,0.0,0.0,0.0,0.0,1.6949340550853569,1.0471204188481675,0.0,0.0,2.542401082628035,1.5706806282722512,1.6949340550853569,1.0471204188481675,0.0,0.0,0.0,0.0,0.0,0.0,1.6949340550853569,1.0471204188481675,0.8474670275426784,0.5235602094240838,0.0,0.0,0.0,0.0,0.0,0.0,0.0,0.0,0.0,0.0,0.0,0.0,0.0,0.0,0.0,0.0,0.0,0.0,0.0,0.0,0.0,0.0,0.8474670275426784,0.5235602094240838,0.0,0.0,0.0,0.0,0.0,0.0,0.0,0.0,0.0,0.0,1.6949340550853569,1.0471204188481675,0.8474670275426784,0.5235602094240838,0.0,0.0,0.0,0.0,0.0,0.0,0.0,0.0,0.0,0.0,0.8474670275426784,0.5235602094240838,0.0785340314136125,0.0222513089005235,0.0117801047120418,0.06282722513089,0.119109947643979,0.0170157068062827,0.0078534031413612,0.0903141361256544,0.0458115183246073,0.0026178010471204,0.0,0.0471204188481675,0.0170157068062827,0.0785340314136125,0.0811518324607329,0.0078534031413612,0.0013089005235602,0.0431937172774869,0.0654450261780104,0.1020942408376963,0.0536649214659685,0.006544502617801,0.0222513089005235,0.0,0.0143979057591623,0.0,0.6177941942380966,191,117.99869109947645,4.0,31.83333333333333
Samuel,0.0,0.0,0.0,0.0,0.4115271426035775,0.21929824561403508,1.64610857041431,0.8771929824561403,0.0,0.0,0.0,0.0,0.0,0.0,14.40344999112521,7.675438596491229,0.0,0.0,0.0,0.0,0.4115271426035775,0.21929824561403508,0.0,0.0,0.0,0.0,0.0,0.0,0.0,0.0,0.0,0.0,0.4115271426035775,0.21929824561403508,0.4115271426035775,0.21929824561403508,0.0,0.0,0.0,0.0,0.4115271426035775,0.21929824561403508,0.0,0.0,0.0,0.0,0.0,0.0,0.0,0.0,0.0,0.0,0.0,0.0,0.0,0.0,2.0576357130178873,1.0964912280701753,0.0,0.0,0.0,0.0,1.2345814278107323,0.6578947368421052,0.4115271426035775,0.21929824561403508,0.823054285207155,0.43859649122807015,0.0,0.0,0.823054285207155,0.43859649122807015,0.0,0.0,1.2345814278107323,0.6578947368421052,0.0,0.0,0.0,0.0,0.823054285207155,0.43859649122807015,0.0,0.0,2.0576357130178873,1.0964912280701753,0.4115271426035775,0.21929824561403508,3.7037442834321967,1.9736842105263157,0.0,0.0,0.823054285207155,0.43859649122807015,2.4691628556214646,1.3157894736842104,0.0,0.0,1.64610857041431,0.8771929824561403,1.2345814278107323,0.6578947368421052,0.0,0.0,0.0,0.0,0.0,0.0,0.0,0.0,3.29221714082862,1.7543859649122806,0.0,0.0,0.0,0.0,0.0,0.0,0.0,0.0,0.823054285207155,0.43859649122807015,0.0,0.0,0.0,0.0,0.0,0.0,0.0,0.0,0.0,0.0,0.0,0.0,0.0,0.0,2.0576357130178873,1.0964912280701753,0.4115271426035775,0.21929824561403508,0.4115271426035775,0.21929824561403508,12.345814278107325,6.578947368421052,0.0,0.0,0.0,0.0,0.0,0.0,0.0,0.0,0.0,0.0,0.0,0.0,0.0,0.0,0.0,0.0,0.823054285207155,0.43859649122807015,0.0,0.0,1.64610857041431,0.8771929824561403,0.0,0.0,0.823054285207155,0.43859649122807015,0.0,0.0,0.0,0.0,0.0,0.0,0.0,0.0,0.0,0.0,0.0,0.0,2.4691628556214646,1.3157894736842104,15.226504276332363,8.114035087719298,1.64610857041431,0.8771929824561403,0.0,0.0,0.4115271426035775,0.21929824561403508,0.823054285207155,0.43859649122807015,0.0,0.0,0.0,0.0,0.0,0.0,0.0,0.0,0.0,0.0,0.0,0.0,0.0,0.0,0.0,0.0,0.0,0.0,0.0,0.0,0.0,0.0,0.0,0.0,0.4115271426035775,0.21929824561403508,1.2345814278107323,0.6578947368421052,0.0,0.0,1.2345814278107323,0.6578947368421052,0.0,0.0,0.0,0.0,0.0,0.0,0.0,0.0,0.0,0.0,2.0576357130178873,1.0964912280701753,0.0,0.0,2.880689998225042,1.5350877192982455,0.0,0.0,0.0,0.0,0.0,0.0,1.64610857041431,0.8771929824561403,0.0,0.0,0.4115271426035775,0.21929824561403508,0.0,0.0,0.4115271426035775,0.21929824561403508,0.0,0.0,0.0,0.0,0.0,0.0,0.0,0.0,0.0,0.0,0.0,0.0,0.0,0.0,0.0,0.0,0.0,0.0,1.64610857041431,0.8771929824561403,0.0,0.0,0.0,0.0,0.0,0.0,0.4115271426035775,0.21929824561403508,0.0,0.0,2.0576357130178873,1.0964912280701753,4.115271426035775,2.1929824561403506,0.0,0.0,0.0,0.0,0.0,0.0,0.0,0.0,0.0,0.0,0.0,0.0,0.0910543130990415,0.0170394036208732,0.0143769968051118,0.0628328008519701,0.1118210862619808,0.027689030883919,0.0127795527156549,0.0921192758253461,0.0729499467518636,0.0026624068157614,0.0101171458998935,0.040468583599574,0.0191693290734824,0.0777422790202343,0.0761448349307774,0.011182108626198,0.0,0.0537806176783812,0.0511182108626198,0.0931842385516506,0.0212992545260915,0.003727369542066,0.0260915867944621,0.0,0.0058572949946751,0.0021299254526091,0.5328888982306673,456,242.99733759318428,4.118421052631579,30.33333333333333
Unknown,0.0,0.0,0.0,0.0,0.0,0.0,0.0,0.0,0.0,0.0,0.0,0.0,0.0,0.0,18.98811214346573,9.49367088607595,0.0,0.0,0.0,0.0,0.0,0.0,0.0,0.0,0.0,0.0,0.0,0.0,0.0,0.0,0.0,0.0,1.2658741428977152,0.6329113924050633,2.5317482857954303,1.2658227848101267,0.0,0.0,0.0,0.0,0.0,0.0,0.0,0.0,0.0,0.0,0.0,0.0,0.0,0.0,0.0,0.0,0.0,0.0,0.0,0.0,0.0,0.0,0.0,0.0,0.0,0.0,1.2658741428977152,0.6329113924050633,0.0,0.0,0.0,0.0,0.0,0.0,0.0,0.0,0.0,0.0,1.2658741428977152,0.6329113924050633,0.0,0.0,0.0,0.0,0.0,0.0,0.0,0.0,0.0,0.0,0.0,0.0,0.0,0.0,0.0,0.0,0.0,0.0,1.2658741428977152,0.6329113924050633,0.0,0.0,0.0,0.0,0.0,0.0,0.0,0.0,0.0,0.0,2.5317482857954303,1.2658227848101267,0.0,0.0,0.0,0.0,0.0,0.0,0.0,0.0,0.0,0.0,0.0,0.0,0.0,0.0,0.0,0.0,0.0,0.0,0.0,0.0,0.0,0.0,0.0,0.0,0.0,0.0,0.0,0.0,0.0,0.0,0.0,0.0,1.2658741428977152,0.6329113924050633,17.722238000568012,8.860759493670885,0.0,0.0,0.0,0.0,0.0,0.0,2.5317482857954303,1.2658227848101267,0.0,0.0,2.5317482857954303,1.2658227848101267,0.0,0.0,0.0,0.0,2.5317482857954303,1.2658227848101267,0.0,0.0,2.5317482857954303,1.2658227848101267,0.0,0.0,0.0,0.0,0.0,0.0,0.0,0.0,0.0,0.0,0.0,0.0,0.0,0.0,0.0,0.0,1.2658741428977152,0.6329113924050633,22.785734572158876,11.39240506329114,0.0,0.0,0.0,0.0,1.2658741428977152,0.6329113924050633,1.2658741428977152,0.6329113924050633,0.0,0.0,1.2658741428977152,0.6329113924050633,0.0,0.0,0.0,0.0,0.0,0.0,0.0,0.0,0.0,0.0,0.0,0.0,0.0,0.0,0.0,0.0,0.0,0.0,0.0,0.0,1.2658741428977152,0.6329113924050633,0.0,0.0,0.0,0.0,0.0,0.0,0.0,0.0,0.0,0.0,0.0,0.0,0.0,0.0,0.0,0.0,5.063496571590861,2.5316455696202533,0.0,0.0,0.0,0.0,0.0,0.0,0.0,0.0,0.0,0.0,3.7976224286931455,1.89873417721519,0.0,0.0,0.0,0.0,0.0,0.0,1.2658741428977152,0.6329113924050633,0.0,0.0,0.0,0.0,0.0,0.0,0.0,0.0,0.0,0.0,0.0,0.0,0.0,0.0,0.0,0.0,0.0,0.0,1.2658741428977152,0.6329113924050633,0.0,0.0,0.0,0.0,0.0,0.0,0.0,0.0,0.0,0.0,0.0,0.0,0.0,0.0,0.0,0.0,0.0,0.0,0.0,0.0,0.0,0.0,0.0,0.0,0.0,0.0,0.0865384615384615,0.0288461538461538,0.0016025641025641,0.0544871794871794,0.1330128205128205,0.0288461538461538,0.0128205128205128,0.0753205128205128,0.0432692307692307,0.0096153846153846,0.0016025641025641,0.0240384615384615,0.016025641025641,0.0865384615384615,0.1025641025641025,0.0080128205128205,0.0,0.0464743589743589,0.0657051282051282,0.0881410256410256,0.0224358974358974,0.0208333333333333,0.0224358974358974,0.0016025641025641,0.0144230769230769,0.0016025641025641,0.49997971437844874,158,78.9967948717949,3.949367088607595,26.166666666666668
Unknown,0.0,0.0,0.0,0.0,0.0,0.0,2.255657512327336,1.3100436681222707,0.0,0.0,0.0,0.0,0.7518858374424453,0.43668122270742354,15.037716748848906,8.73362445414847,0.0,0.0,0.7518858374424453,0.43668122270742354,1.5037716748848906,0.8733624454148471,0.0,0.0,0.7518858374424453,0.43668122270742354,0.0,0.0,0.0,0.0,0.0,0.0,0.7518858374424453,0.43668122270742354,0.0,0.0,0.0,0.0,0.0,0.0,0.0,0.0,0.0,0.0,0.0,0.0,0.0,0.0,0.0,0.0,0.0,0.0,0.0,0.0,0.7518858374424453,0.43668122270742354,0.7518858374424453,0.43668122270742354,0.0,0.0,0.0,0.0,0.7518858374424453,0.43668122270742354,0.7518858374424453,0.43668122270742354,0.0,0.0,0.0,0.0,0.7518858374424453,0.43668122270742354,0.0,0.0,5.263200862097117,3.056768558951965,0.0,0.0,0.0,0.0,0.0,0.0,0.0,0.0,3.007543349769781,1.7467248908296942,1.5037716748848906,0.8733624454148471,6.015086699539562,3.4934497816593884,0.0,0.0,1.5037716748848906,0.8733624454148471,3.007543349769781,1.7467248908296942,0.0,0.0,0.0,0.0,0.7518858374424453,0.43668122270742354,1.5037716748848906,0.8733624454148471,0.0,0.0,0.7518858374424453,0.43668122270742354,0.0,0.0,0.7518858374424453,0.43668122270742354,0.0,0.0,2.255657512327336,1.3100436681222707,0.0,0.0,0.0,0.0,0.7518858374424453,0.43668122270742354,0.0,0.0,0.0,0.0,0.0,0.0,0.0,0.0,0.0,0.0,0.0,0.0,0.0,0.0,1.5037716748848906,0.8733624454148471,0.0,0.0,0.7518858374424453,0.43668122270742354,6.015086699539562,3.4934497816593884,0.0,0.0,0.0,0.0,0.0,0.0,0.0,0.0,0.0,0.0,0.0,0.0,0.0,0.0,0.0,0.0,0.0,0.0,0.0,0.0,1.5037716748848906,0.8733624454148471,0.0,0.0,2.255657512327336,1.3100436681222707,0.0,0.0,0.7518858374424453,0.43668122270742354,0.0,0.0,0.0,0.0,0.0,0.0,0.0,0.0,3.7594291872122265,2.1834061135371177,10.526401724194233,6.11353711790393,0.0,0.0,0.0,0.0,0.0,0.0,0.0,0.0,0.0,0.0,0.7518858374424453,0.43668122270742354,0.0,0.0,0.7518858374424453,0.43668122270742354,0.0,0.0,0.0,0.0,0.0,0.0,0.0,0.0,0.0,0.0,0.0,0.0,0.0,0.0,0.0,0.0,0.7518858374424453,0.43668122270742354,0.7518858374424453,0.43668122270742354,0.0,0.0,3.007543349769781,1.7467248908296942,0.0,0.0,0.0,0.0,0.7518858374424453,0.43668122270742354,1.5037716748848906,0.8733624454148471,0.0,0.0,4.511315024654672,2.6200873362445414,0.0,0.0,1.5037716748848906,0.8733624454148471,0.0,0.0,0.0,0.0,0.0,0.0,0.7518858374424453,0.43668122270742354,0.0,0.0,1.5037716748848906,0.8733624454148471,0.0,0.0,0.0,0.0,0.0,0.0,0.0,0.0,0.0,0.0,0.0,0.0,0.0,0.0,0.0,0.0,0.0,0.0,0.0,0.0,0.0,0.0,0.0,0.0,0.0,0.0,0.0,0.0,0.0,0.0,0.0,0.0,0.0,0.0,1.5037716748848906,0.8733624454148471,1.5037716748848906,0.8733624454148471,0.0,0.0,0.0,0.0,0.0,0.0,0.0,0.0,0.0,0.0,0.0,0.0,0.0933767643865363,0.007600434310532,0.008686210640608,0.0542888165038002,0.0966340933767643,0.023887079261672,0.020629750271444,0.0901194353963083,0.0564603691639522,0.004343105320304,0.008686210640608,0.0488599348534201,0.0304017372421281,0.0792616720955483,0.0955483170466883,0.00542888165038,0.0,0.0401737242128121,0.0738327904451683,0.0901194353963083,0.020629750271444,0.004343105320304,0.0282301845819761,0.0,0.017372421281216,0.0,0.5807812848195193,229,132.9989142236699,4.021834061135372,28.625
Unknown,0.0,0.0,0.0,0.0,0.0,0.0,1.2500479312857093,0.641025641025641,0.0,0.0,0.0,0.0,2.5000958625714187,1.282051282051282,12.500479312857093,6.41025641025641,0.0,0.0,0.0,0.0,0.0,0.0,0.0,0.0,0.0,0.0,0.0,0.0,0.0,0.0,0.0,0.0,2.5000958625714187,1.282051282051282,0.0,0.0,0.0,0.0,0.0,0.0,0.0,0.0,0.0,0.0,0.0,0.0,0.0,0.0,0.0,0.0,0.0,0.0,0.0,0.0,0.0,0.0,1.2500479312857093,0.641025641025641,0.0,0.0,0.0,0.0,2.5000958625714187,1.282051282051282,0.0,0.0,1.2500479312857093,0.641025641025641,0.0,0.0,0.0,0.0,0.0,0.0,7.500287587714256,3.8461538461538463,0.0,0.0,0.0,0.0,0.0,0.0,0.0,0.0,0.0,0.0,0.0,0.0,3.750143793857128,1.9230769230769231,0.0,0.0,0.0,0.0,2.5000958625714187,1.282051282051282,0.0,0.0,0.0,0.0,0.0,0.0,1.2500479312857093,0.641025641025641,0.0,0.0,0.0,0.0,2.5000958625714187,1.282051282051282,1.2500479312857093,0.641025641025641,0.0,0.0,0.0,0.0,0.0,0.0,0.0,0.0,0.0,0.0,0.0,0.0,0.0,0.0,0.0,0.0,0.0,0.0,0.0,0.0,0.0,0.0,0.0,0.0,2.5000958625714187,1.282051282051282,0.0,0.0,1.2500479312857093,0.641025641025641,15.000575175428512,7.6923076923076925,0.0,0.0,0.0,0.0,0.0,0.0,0.0,0.0,0.0,0.0,0.0,0.0,0.0,0.0,0.0,0.0,1.2500479312857093,0.641025641025641,0.0,0.0,0.0,0.0,0.0,0.0,0.0,0.0,0.0,0.0,0.0,0.0,0.0,0.0,0.0,0.0,0.0,0.0,0.0,0.0,2.5000958625714187,1.282051282051282,15.000575175428512,7.6923076923076925,0.0,0.0,0.0,0.0,0.0,0.0,0.0,0.0,2.5000958625714187,1.282051282051282,0.0,0.0,0.0,0.0,0.0,0.0,1.2500479312857093,0.641025641025641,0.0,0.0,0.0,0.0,0.0,0.0,0.0,0.0,0.0,0.0,0.0,0.0,0.0,0.0,0.0,0.0,0.0,0.0,0.0,0.0,0.0,0.0,0.0,0.0,0.0,0.0,0.0,0.0,0.0,0.0,0.0,0.0,6.250239656428547,3.205128205128205,0.0,0.0,2.5000958625714187,1.282051282051282,0.0,0.0,0.0,0.0,0.0,0.0,2.5000958625714187,1.282051282051282,0.0,0.0,0.0,0.0,0.0,0.0,1.2500479312857093,0.641025641025641,0.0,0.0,0.0,0.0,0.0,0.0,0.0,0.0,0.0,0.0,0.0,0.0,0.0,0.0,0.0,0.0,0.0,0.0,1.2500479312857093,0.641025641025641,0.0,0.0,0.0,0.0,0.0,0.0,0.0,0.0,0.0,0.0,0.0,0.0,1.2500479312857093,0.641025641025641,0.0,0.0,0.0,0.0,0.0,0.0,0.0,0.0,0.0,0.0,0.0,0.0,0.111963190184049,0.0199386503067484,0.00920245398773,0.0490797546012269,0.1334355828220859,0.0276073619631901,0.0214723926380368,0.0812883435582822,0.0521472392638036,0.0076687116564417,0.0122699386503067,0.0306748466257668,0.0383435582822085,0.0751533742331288,0.0690184049079754,0.0076687116564417,0.0,0.0598159509202454,0.0521472392638036,0.0843558282208589,0.0230061349693251,0.0076687116564417,0.0184049079754601,0.0,0.004601226993865,0.0,0.512800849457291,156,79.99693251533739,4.17948717948718,22.285714285714285
Ezra,0.0,0.0,0.0,0.0,0.0,0.0,0.0,0.0,0.6944479722830421,0.33333333333333337,0.0,0.0,0.0,0.0,37.50019050328427,18.0,1.3888959445660842,0.6666666666666667,0.0,0.0,0.0,0.0,0.0,0.0,0.0,0.0,0.0,0.0,0.0,0.0,0.0,0.0,0.0,0.0,0.0,0.0,0.0,0.0,0.0,0.0,0.0,0.0,0.0,0.0,0.0,0.0,0.0,0.0,0.0,0.0,0.0,0.0,0.0,0.0,0.0,0.0,0.0,0.0,0.0,0.0,0.0,0.0,0.0,0.0,0.0,0.0,0.6944479722830421,0.33333333333333337,0.0,0.0,0.0,0.0,0.0,0.0,0.0,0.0,0.0,0.0,0.0,0.0,0.0,0.0,0.0,0.0,0.6944479722830421,0.33333333333333337,0.0,0.0,7.6389276951134635,3.6666666666666665,0.0,0.0,0.0,0.0,0.0,0.0,0.0,0.0,0.0,0.0,0.0,0.0,0.0,0.0,0.0,0.0,0.0,0.0,0.0,0.0,0.0,0.0,0.0,0.0,0.0,0.0,0.0,0.0,0.0,0.0,0.0,0.0,0.0,0.0,0.0,0.0,0.0,0.0,0.0,0.0,0.0,0.0,0.0,0.0,0.0,0.0,0.0,0.0,0.0,0.0,0.0,0.0,19.44454322392518,9.333333333333334,0.0,0.0,0.0,0.0,0.0,0.0,0.0,0.0,0.0,0.0,0.0,0.0,0.0,0.0,0.0,0.0,0.0,0.0,0.0,0.0,0.0,0.0,0.0,0.0,0.0,0.0,0.0,0.0,0.0,0.0,0.0,0.0,0.0,0.0,0.0,0.0,0.0,0.0,0.0,0.0,22.222335113057348,10.666666666666668,0.0,0.0,1.3888959445660842,0.6666666666666667,0.0,0.0,0.0,0.0,0.0,0.0,0.0,0.0,0.0,0.0,0.0,0.0,0.0,0.0,0.0,0.0,0.0,0.0,0.0,0.0,0.0,0.0,0.0,0.0,0.0,0.0,2.7777918891321685,1.3333333333333335,0.0,0.0,0.0,0.0,0.0,0.0,0.0,0.0,0.0,0.0,0.0,0.0,0.0,0.0,0.0,0.0,0.0,0.0,0.0,0.0,0.0,0.0,0.0,0.0,0.0,0.0,0.0,0.0,0.0,0.0,0.6944479722830421,0.33333333333333337,0.0,0.0,4.166687833698253,2.0,0.0,0.0,0.0,0.0,0.0,0.0,0.0,0.0,0.0,0.0,0.0,0.0,0.0,0.0,0.0,0.0,0.0,0.0,0.0,0.0,0.0,0.0,0.0,0.0,0.0,0.0,0.0,0.0,0.0,0.0,0.0,0.0,0.0,0.0,0.0,0.0,0.0,0.0,0.0,0.0,0.0,0.0,0.0,0.0,0.0,0.0,0.0,0.0,0.0,0.0,0.1580102414045354,0.0168251645940014,0.0065837600585223,0.0519385515727871,0.1111923920994879,0.0277980980248719,0.0029261155815654,0.127286027798098,0.0614484272128749,0.0124359912216532,0.0073152889539136,0.021945866861741,0.0204828090709583,0.0892465252377468,0.0651060716898317,0.008046817849305,0.0,0.0416971470373079,0.0797366495976591,0.0526700804681784,0.0124359912216532,0.0021945866861741,0.0065837600585223,0.0007315288953913,0.0,0.0146305779078273,0.47999756157034873,300,143.9992684711046,4.556666666666667,15.0
Nehemiah,0.0,0.0,0.0,0.0,0.0,0.0,0.0,0.0,0.0,0.0,0.0,0.0,0.0,0.0,9.639014148354926,5.633802816901409,2.4097535370887315,1.4084507042253522,1.2048767685443658,0.7042253521126761,1.2048767685443658,0.7042253521126761,0.0,0.0,0.0,0.0,0.0,0.0,0.0,0.0,0.0,0.0,1.2048767685443658,0.7042253521126761,2.4097535370887315,1.4084507042253522,0.0,0.0,0.0,0.0,2.4097535370887315,1.4084507042253522,0.0,0.0,0.0,0.0,0.0,0.0,0.0,0.0,0.0,0.0,0.0,0.0,0.0,0.0,1.2048767685443658,0.7042253521126761,0.0,0.0,0.0,0.0,0.0,0.0,0.0,0.0,1.2048767685443658,0.7042253521126761,0.0,0.0,0.0,0.0,0.0,0.0,0.0,0.0,0.0,0.0,0.0,0.0,0.0,0.0,0.0,0.0,0.0,0.0,0.0,0.0,0.0,0.0,1.2048767685443658,0.7042253521126761,0.0,0.0,2.4097535370887315,1.4084507042253522,0.0,0.0,0.0,0.0,0.0,0.0,1.2048767685443658,0.7042253521126761,0.0,0.0,1.2048767685443658,0.7042253521126761,0.0,0.0,0.0,0.0,0.0,0.0,0.0,0.0,0.0,0.0,0.0,0.0,1.2048767685443658,0.7042253521126761,1.2048767685443658,0.7042253521126761,0.0,0.0,0.0,0.0,0.0,0.0,0.0,0.0,1.2048767685443658,0.7042253521126761,2.4097535370887315,1.4084507042253522,1.2048767685443658,0.7042253521126761,0.0,0.0,0.0,0.0,3.614630305633097,2.112676056338028,0.0,0.0,0.0,0.0,0.0,0.0,0.0,0.0,1.2048767685443658,0.7042253521126761,0.0,0.0,0.0,0.0,0.0,0.0,0.0,0.0,0.0,0.0,1.2048767685443658,0.7042253521126761,0.0,0.0,0.0,0.0,0.0,0.0,0.0,0.0,0.0,0.0,0.0,0.0,0.0,0.0,0.0,0.0,4.819507074177463,2.8169014084507045,22.892658602342948,13.380281690140844,0.0,0.0,0.0,0.0,1.2048767685443658,0.7042253521126761,3.614630305633097,2.112676056338028,0.0,0.0,1.2048767685443658,0.7042253521126761,0.0,0.0,0.0,0.0,0.0,0.0,0.0,0.0,1.2048767685443658,0.7042253521126761,0.0,0.0,0.0,0.0,0.0,0.0,0.0,0.0,0.0,0.0,0.0,0.0,0.0,0.0,0.0,0.0,0.0,0.0,0.0,0.0,0.0,0.0,0.0,0.0,0.0,0.0,0.0,0.0,9.639014148354926,5.633802816901409,0.0,0.0,1.2048767685443658,0.7042253521126761,0.0,0.0,0.0,0.0,0.0,0.0,2.4097535370887315,1.4084507042253522,2.4097535370887315,1.4084507042253522,0.0,0.0,1.2048767685443658,0.7042253521126761,0.0,0.0,0.0,0.0,0.0,0.0,0.0,0.0,0.0,0.0,0.0,0.0,0.0,0.0,0.0,0.0,0.0,0.0,0.0,0.0,0.0,0.0,1.2048767685443658,0.7042253521126761,0.0,0.0,0.0,0.0,0.0,0.0,0.0,0.0,0.0,0.0,1.2048767685443658,0.7042253521126761,0.0,0.0,0.0,0.0,1.2048767685443658,0.7042253521126761,0.0,0.0,1.2048767685443658,0.7042253521126761,0.0,0.0,0.0712871287128712,0.0198019801980198,0.0079207920792079,0.0455445544554455,0.1544554455445544,0.0138613861386138,0.0099009900990099,0.0772277227722772,0.0475247524752475,0.0059405940594059,0.0099009900990099,0.0336633663366336,0.0118811881188118,0.0732673267326732,0.0712871287128712,0.0138613861386138,0.0,0.0653465346534653,0.0475247524752475,0.1366336633663366,0.0297029702970297,0.0039603960396039,0.0356435643564356,0.0,0.0099009900990099,0.0,0.5844791521405662,142,82.9960396039604,3.556338028169014,35.25
Mordecai,5.555555555555553,3.571428571428571,5.555555555555553,3.571428571428571,0.0,0.0,0.0,0.0,0.0,0.0,0.0,0.0,0.0,0.0,11.111111111111105,7.142857142857142,0.0,0.0,0.0,0.0,0.0,0.0,0.0,0.0,0.0,0.0,0.0,0.0,0.0,0.0,5.555555555555553,3.571428571428571,0.0,0.0,0.0,0.0,0.0,0.0,0.0,0.0,0.0,0.0,0.0,0.0,0.0,0.0,0.0,0.0,0.0,0.0,0.0,0.0,0.0,0.0,0.0,0.0,0.0,0.0,0.0,0.0,0.0,0.0,5.555555555555553,3.571428571428571,0.0,0.0,0.0,0.0,0.0,0.0,0.0,0.0,0.0,0.0,0.0,0.0,0.0,0.0,0.0,0.0,0.0,0.0,0.0,0.0,0.0,0.0,0.0,0.0,0.0,0.0,0.0,0.0,0.0,0.0,11.111111111111105,7.142857142857142,0.0,0.0,0.0,0.0,0.0,0.0,0.0,0.0,0.0,0.0,0.0,0.0,0.0,0.0,0.0,0.0,0.0,0.0,0.0,0.0,0.0,0.0,0.0,0.0,0.0,0.0,0.0,0.0,0.0,0.0,0.0,0.0,0.0,0.0,0.0,0.0,0.0,0.0,0.0,0.0,0.0,0.0,0.0,0.0,0.0,0.0,11.111111111111105,7.142857142857142,0.0,0.0,0.0,0.0,0.0,0.0,5.555555555555553,3.571428571428571,0.0,0.0,0.0,0.0,0.0,0.0,0.0,0.0,0.0,0.0,0.0,0.0,0.0,0.0,0.0,0.0,0.0,0.0,0.0,0.0,0.0,0.0,0.0,0.0,0.0,0.0,0.0,0.0,0.0,0.0,0.0,0.0,16.666666666666657,10.714285714285714,0.0,0.0,0.0,0.0,5.555555555555553,3.571428571428571,0.0,0.0,0.0,0.0,0.0,0.0,0.0,0.0,0.0,0.0,0.0,0.0,0.0,0.0,0.0,0.0,0.0,0.0,0.0,0.0,0.0,0.0,0.0,0.0,0.0,0.0,5.555555555555553,3.571428571428571,0.0,0.0,0.0,0.0,0.0,0.0,0.0,0.0,0.0,0.0,0.0,0.0,0.0,0.0,0.0,0.0,5.555555555555553,3.571428571428571,0.0,0.0,0.0,0.0,0.0,0.0,0.0,0.0,0.0,0.0,0.0,0.0,0.0,0.0,0.0,0.0,0.0,0.0,0.0,0.0,0.0,0.0,0.0,0.0,0.0,0.0,0.0,0.0,0.0,0.0,0.0,0.0,0.0,0.0,0.0,0.0,0.0,0.0,0.0,0.0,0.0,0.0,0.0,0.0,0.0,0.0,0.0,0.0,0.0,0.0,0.0,0.0,0.0,0.0,0.0,0.0,0.0,0.0,0.0,0.0,0.0,0.0,0.0,0.0,0.0,0.0,0.0737704918032786,0.0163934426229508,0.0245901639344262,0.0573770491803278,0.1475409836065573,0.0245901639344262,0.040983606557377,0.0491803278688524,0.0655737704918032,0.0,0.0163934426229508,0.0327868852459016,0.0163934426229508,0.1065573770491803,0.0737704918032786,0.0,0.0,0.0491803278688524,0.0655737704918032,0.0737704918032786,0.0081967213114754,0.0327868852459016,0.0081967213114754,0.0,0.0163934426229508,0.0,0.6428571428571432,28,18.00000000000001,4.357142857142857,28.0
Unknown,0.0,0.0,0.0,0.0,0.0,0.0,0.0,0.0,0.0,0.0,0.0,0.0,0.0,0.0,9.195728024654183,5.333333333333334,1.149466003081773,0.6666666666666667,1.149466003081773,0.6666666666666667,1.149466003081773,0.6666666666666667,0.0,0.0,0.0,0.0,0.0,0.0,0.0,0.0,1.149466003081773,0.6666666666666667,2.298932006163546,1.3333333333333335,2.298932006163546,1.3333333333333335,0.0,0.0,0.0,0.0,0.0,0.0,0.0,0.0,0.0,0.0,0.0,0.0,0.0,0.0,0.0,0.0,1.149466003081773,0.6666666666666667,0.0,0.0,0.0,0.0,0.0,0.0,0.0,0.0,1.149466003081773,0.6666666666666667,1.149466003081773,0.6666666666666667,1.149466003081773,0.6666666666666667,3.448398009245319,2.0,0.0,0.0,2.298932006163546,1.3333333333333335,0.0,0.0,0.0,0.0,0.0,0.0,0.0,0.0,0.0,0.0,1.149466003081773,0.6666666666666667,1.149466003081773,0.6666666666666667,1.149466003081773,0.6666666666666667,0.0,0.0,1.149466003081773,0.6666666666666667,1.149466003081773,0.6666666666666667,0.0,0.0,0.0,0.0,2.298932006163546,1.3333333333333335,2.298932006163546,1.3333333333333335,0.0,0.0,0.0,0.0,0.0,0.0,0.0,0.0,0.0,0.0,0.0,0.0,1.149466003081773,0.6666666666666667,0.0,0.0,0.0,0.0,0.0,0.0,0.0,0.0,0.0,0.0,0.0,0.0,0.0,0.0,2.298932006163546,1.3333333333333335,0.0,0.0,2.298932006163546,1.3333333333333335,0.0,0.0,1.149466003081773,0.6666666666666667,3.448398009245319,2.0,0.0,0.0,0.0,0.0,0.0,0.0,0.0,0.0,1.149466003081773,0.6666666666666667,0.0,0.0,0.0,0.0,0.0,0.0,0.0,0.0,0.0,0.0,1.149466003081773,0.6666666666666667,0.0,0.0,0.0,0.0,0.0,0.0,0.0,0.0,0.0,0.0,0.0,0.0,0.0,0.0,0.0,0.0,2.298932006163546,1.3333333333333335,9.195728024654183,5.333333333333334,4.597864012327092,2.666666666666667,0.0,0.0,0.0,0.0,1.149466003081773,0.6666666666666667,0.0,0.0,0.0,0.0,0.0,0.0,0.0,0.0,0.0,0.0,0.0,0.0,0.0,0.0,0.0,0.0,0.0,0.0,0.0,0.0,0.0,0.0,0.0,0.0,3.448398009245319,2.0,0.0,0.0,0.0,0.0,6.896796018490638,4.0,0.0,0.0,0.0,0.0,5.747330015408864,3.3333333333333335,0.0,0.0,0.0,0.0,1.149466003081773,0.6666666666666667,0.0,0.0,0.0,0.0,1.149466003081773,0.6666666666666667,0.0,0.0,0.0,0.0,3.448398009245319,2.0,1.149466003081773,0.6666666666666667,1.149466003081773,0.6666666666666667,0.0,0.0,0.0,0.0,0.0,0.0,1.149466003081773,0.6666666666666667,0.0,0.0,0.0,0.0,0.0,0.0,0.0,0.0,0.0,0.0,0.0,0.0,0.0,0.0,0.0,0.0,0.0,0.0,2.298932006163546,1.3333333333333335,0.0,0.0,0.0,0.0,0.0,0.0,0.0,0.0,1.149466003081773,0.6666666666666667,0.0,0.0,0.0,0.0,0.0,0.0,0.0,0.0,1.149466003081773,0.6666666666666667,0.0,0.0,0.0677966101694915,0.0200308166409861,0.0184899845916795,0.0400616332819722,0.1448382126348228,0.0215716486902927,0.0138674884437596,0.0939907550077041,0.0631741140215716,0.0,0.0061633281972265,0.0215716486902927,0.0200308166409861,0.0693374422187981,0.0570107858243451,0.0169491525423728,0.0030816640986132,0.0446841294298921,0.0631741140215716,0.1140215716486903,0.0323574730354391,0.0077041602465331,0.0292758089368258,0.0,0.0261941448382126,0.0015408320493066,0.579979455572676,150,86.99691833590141,4.326666666666667,15.0
David and others,0.0,0.0,0.0,0.0,0.0,0.0,0.7299337074794341,0.40816326530612246,0.7299337074794341,0.40816326530612246,0.0,0.0,0.0,0.0,3.284701683657454,1.8367346938775513,1.4598674149588682,0.8163265306122449,0.36496685373971705,0.20408163265306123,1.4598674149588682,0.8163265306122449,0.0,0.0,0.7299337074794341,0.40816326530612246,0.0,0.0,0.0,0.0,0.0,0.0,0.7299337074794341,0.40816326530612246,0.36496685373971705,0.20408163265306123,0.0,0.0,0.0,0.0,0.0,0.0,0.0,0.0,0.36496685373971705,0.20408163265306123,0.7299337074794341,0.40816326530612246,0.0,0.0,0.0,0.0,0.0,0.0,0.0,0.0,1.4598674149588682,0.8163265306122449,0.36496685373971705,0.20408163265306123,0.0,0.0,0.7299337074794341,0.40816326530612246,1.0949005612191511,0.6122448979591837,0.0,0.0,1.4598674149588682,0.8163265306122449,0.36496685373971705,0.20408163265306123,1.8248342686985854,1.0204081632653061,2.5547679761780193,1.4285714285714286,0.0,0.0,0.0,0.0,0.0,0.0,0.0,0.0,0.0,0.0,0.0,0.0,2.9197348299177364,1.6326530612244898,0.0,0.0,0.0,0.0,5.474502806095756,3.061224489795918,0.0,0.0,0.36496685373971705,0.20408163265306123,2.9197348299177364,1.6326530612244898,0.0,0.0,0.0,0.0,0.7299337074794341,0.40816326530612246,0.0,0.0,4.0146353911368875,2.2448979591836733,0.0,0.0,0.0,0.0,0.0,0.0,0.0,0.0,3.284701683657454,1.8367346938775513,0.0,0.0,0.0,0.0,0.0,0.0,0.0,0.0,6.934370221054624,3.877551020408163,0.36496685373971705,0.20408163265306123,0.36496685373971705,0.20408163265306123,3.649668537397171,2.0408163265306123,0.0,0.0,0.0,0.0,6.569403367314908,3.6734693877551026,0.0,0.0,0.0,0.0,0.0,0.0,0.36496685373971705,0.20408163265306123,0.0,0.0,0.0,0.0,0.0,0.0,0.0,0.0,1.0949005612191511,0.6122448979591837,0.0,0.0,0.36496685373971705,0.20408163265306123,0.0,0.0,3.284701683657454,1.8367346938775513,0.36496685373971705,0.20408163265306123,0.0,0.0,0.0,0.0,0.0,0.0,0.0,0.0,0.0,0.0,4.3796022448766045,2.4489795918367347,11.313972465931228,6.326530612244897,0.7299337074794341,0.40816326530612246,1.0949005612191511,0.6122448979591837,0.36496685373971705,0.20408163265306123,0.0,0.0,0.0,0.0,0.7299337074794341,0.40816326530612246,0.0,0.0,0.36496685373971705,0.20408163265306123,0.0,0.0,0.0,0.0,0.0,0.0,0.0,0.0,0.0,0.0,0.0,0.0,0.0,0.0,0.36496685373971705,0.20408163265306123,0.7299337074794341,0.40816326530612246,0.7299337074794341,0.40816326530612246,0.0,0.0,3.284701683657454,1.8367346938775513,0.0,0.0,0.0,0.0,2.1898011224383023,1.2244897959183674,0.0,0.0,0.0,0.0,2.5547679761780193,1.4285714285714286,0.0,0.0,1.4598674149588682,0.8163265306122449,0.36496685373971705,0.20408163265306123,0.0,0.0,0.0,0.0,0.0,0.0,0.0,0.0,0.7299337074794341,0.40816326530612246,0.0,0.0,0.36496685373971705,0.20408163265306123,0.0,0.0,0.0,0.0,0.0,0.0,0.0,0.0,0.0,0.0,0.0,0.0,0.0,0.0,0.0,0.0,0.0,0.0,0.0,0.0,0.0,0.0,1.4598674149588682,0.8163265306122449,0.36496685373971705,0.20408163265306123,0.36496685373971705,0.20408163265306123,0.0,0.0,0.7299337074794341,0.40816326530612246,0.36496685373971705,0.20408163265306123,0.0,0.0,0.0,0.0,0.36496685373971705,0.20408163265306123,0.36496685373971705,0.20408163265306123,0.0,0.0,0.0,0.0,0.0684104627766599,0.0115694164989939,0.0155935613682092,0.0316901408450704,0.1287726358148893,0.0216297786720321,0.0196177062374245,0.0895372233400402,0.0608651911468812,0.0020120724346076,0.0065392354124748,0.0497987927565392,0.0256539235412474,0.0613682092555332,0.0824949698189134,0.0196177062374245,0.0010060362173038,0.0598591549295774,0.0548289738430583,0.1091549295774647,0.0271629778672032,0.011066398390342,0.0140845070422535,0.0010060362173038,0.0236418511066398,0.0005030181086519,0.5591785406315442,490,273.99748490945666,4.057142857142857,20.416666666666668
Solomon and others,0.0,0.0,0.0,0.0,0.0,0.0,2.409746283670504,1.4705882352941175,0.0,0.0,0.0,0.0,0.0,0.0,12.04873141835252,7.352941176470589,0.0,0.0,0.0,0.0,4.819492567341008,2.941176470588235,0.0,0.0,0.0,0.0,0.0,0.0,0.0,0.0,0.0,0.0,2.409746283670504,1.4705882352941175,0.0,0.0,0.0,0.0,0.0,0.0,0.0,0.0,0.0,0.0,0.0,0.0,0.0,0.0,0.0,0.0,0.0,0.0,0.0,0.0,0.0,0.0,1.204873141835252,0.7352941176470588,0.0,0.0,0.0,0.0,2.409746283670504,1.4705882352941175,1.204873141835252,0.7352941176470588,0.0,0.0,0.0,0.0,0.0,0.0,0.0,0.0,1.204873141835252,0.7352941176470588,0.0,0.0,0.0,0.0,0.0,0.0,0.0,0.0,1.204873141835252,0.7352941176470588,0.0,0.0,0.0,0.0,0.0,0.0,0.0,0.0,4.819492567341008,2.941176470588235,0.0,0.0,0.0,0.0,0.0,0.0,2.409746283670504,1.4705882352941175,0.0,0.0,2.409746283670504,1.4705882352941175,0.0,0.0,2.409746283670504,1.4705882352941175,0.0,0.0,1.204873141835252,0.7352941176470588,0.0,0.0,0.0,0.0,0.0,0.0,0.0,0.0,0.0,0.0,0.0,0.0,0.0,0.0,3.6146194255057567,2.2058823529411766,0.0,0.0,0.0,0.0,4.819492567341008,2.941176470588235,0.0,0.0,0.0,0.0,4.819492567341008,2.941176470588235,0.0,0.0,0.0,0.0,0.0,0.0,0.0,0.0,0.0,0.0,0.0,0.0,0.0,0.0,0.0,0.0,1.204873141835252,0.7352941176470588,0.0,0.0,0.0,0.0,0.0,0.0,6.02436570917626,3.6764705882352944,1.204873141835252,0.7352941176470588,0.0,0.0,0.0,0.0,0.0,0.0,0.0,0.0,0.0,0.0,0.0,0.0,8.434111992846764,5.147058823529411,2.409746283670504,1.4705882352941175,0.0,0.0,2.409746283670504,1.4705882352941175,0.0,0.0,0.0,0.0,0.0,0.0,0.0,0.0,0.0,0.0,0.0,0.0,0.0,0.0,0.0,0.0,0.0,0.0,0.0,0.0,0.0,0.0,0.0,0.0,0.0,0.0,1.204873141835252,0.7352941176470588,6.02436570917626,3.6764705882352944,0.0,0.0,1.204873141835252,0.7352941176470588,0.0,0.0,0.0,0.0,6.02436570917626,3.6764705882352944,0.0,0.0,0.0,0.0,3.6146194255057567,2.2058823529411766,0.0,0.0,1.204873141835252,0.7352941176470588,1.204873141835252,0.7352941176470588,0.0,0.0,0.0,0.0,0.0,0.0,0.0,0.0,0.0,0.0,0.0,0.0,0.0,0.0,0.0,0.0,0.0,0.0,0.0,0.0,0.0,0.0,0.0,0.0,0.0,0.0,0.0,0.0,0.0,0.0,0.0,0.0,0.0,0.0,0.0,0.0,0.0,0.0,0.0,0.0,0.0,0.0,0.0,0.0,0.0,0.0,1.204873141835252,0.7352941176470588,0.0,0.0,0.0,0.0,0.0,0.0,0.0,0.0,0.0,0.0,0.0,0.0,0.0816326530612244,0.0185528756957328,0.0148423005565862,0.0538033395176252,0.1131725417439703,0.0278293135435992,0.0185528756957328,0.0779220779220779,0.0445269016697588,0.0,0.0092764378478664,0.0538033395176252,0.0259740259740259,0.0871985157699443,0.0742115027829313,0.0092764378478664,0.0,0.0500927643784786,0.0445269016697588,0.1187384044526901,0.0241187384044526,0.0055658627087198,0.0185528756957328,0.0,0.0241187384044526,0.0,0.6102668340063298,136,82.99628942486085,3.963235294117647,15.11111111111111
Solomon,0.0,0.0,0.0,0.0,0.0,0.0,2.272887696760076,1.1764705882352942,2.272887696760076,1.1764705882352942,0.0,0.0,0.0,0.0,6.8186630902802285,3.5294117647058822,0.0,0.0,0.0,0.0,0.0,0.0,0.0,0.0,0.0,0.0,0.0,0.0,0.0,0.0,0.0,0.0,0.0,0.0,0.0,0.0,0.0,0.0,0.0,0.0,0.0,0.0,0.0,0.0,2.272887696760076,1.1764705882352942,2.272887696760076,1.1764705882352942,0.0,0.0,0.0,0.0,0.0,0.0,0.0,0.0,2.272887696760076,1.1764705882352942,0.0,0.0,0.0,0.0,0.0,0.0,0.0,0.0,0.0,0.0,0.0,0.0,0.0,0.0,0.0,0.0,0.0,0.0,0.0,0.0,0.0,0.0,0.0,0.0,0.0,0.0,0.0,0.0,0.0,0.0,0.0,0.0,0.0,0.0,0.0,0.0,4.545775393520152,2.3529411764705883,0.0,0.0,0.0,0.0,4.545775393520152,2.3529411764705883,4.545775393520152,2.3529411764705883,0.0,0.0,0.0,0.0,0.0,0.0,0.0,0.0,0.0,0.0,0.0,0.0,0.0,0.0,0.0,0.0,0.0,0.0,0.0,0.0,0.0,0.0,0.0,0.0,0.0,0.0,0.0,0.0,0.0,0.0,0.0,0.0,0.0,0.0,0.0,0.0,2.272887696760076,1.1764705882352942,9.091550787040305,4.705882352941177,0.0,0.0,0.0,0.0,0.0,0.0,0.0,0.0,0.0,0.0,0.0,0.0,0.0,0.0,0.0,0.0,0.0,0.0,0.0,0.0,4.545775393520152,2.3529411764705883,0.0,0.0,0.0,0.0,0.0,0.0,2.272887696760076,1.1764705882352942,0.0,0.0,0.0,0.0,0.0,0.0,0.0,0.0,2.272887696760076,1.1764705882352942,6.8186630902802285,3.5294117647058822,2.272887696760076,1.1764705882352942,2.272887696760076,1.1764705882352942,0.0,0.0,0.0,0.0,0.0,0.0,0.0,0.0,0.0,0.0,2.272887696760076,1.1764705882352942,0.0,0.0,0.0,0.0,0.0,0.0,0.0,0.0,0.0,0.0,0.0,0.0,0.0,0.0,0.0,0.0,2.272887696760076,1.1764705882352942,0.0,0.0,0.0,0.0,0.0,0.0,0.0,0.0,0.0,0.0,0.0,0.0,0.0,0.0,2.272887696760076,1.1764705882352942,6.8186630902802285,3.5294117647058822,0.0,0.0,2.272887696760076,1.1764705882352942,0.0,0.0,0.0,0.0,0.0,0.0,2.272887696760076,1.1764705882352942,0.0,0.0,0.0,0.0,4.545775393520152,2.3529411764705883,0.0,0.0,0.0,0.0,0.0,0.0,0.0,0.0,0.0,0.0,0.0,0.0,0.0,0.0,0.0,0.0,0.0,0.0,0.0,0.0,2.272887696760076,1.1764705882352942,0.0,0.0,0.0,0.0,0.0,0.0,0.0,0.0,0.0,0.0,2.272887696760076,1.1764705882352942,4.545775393520152,2.3529411764705883,0.0,0.0,0.0,0.0,0.0,0.0,0.0,0.0,2.272887696760076,1.1764705882352942,0.0,0.0,0.0714285714285714,0.0031055900621118,0.0062111801242236,0.046583850931677,0.1055900621118012,0.0279503105590062,0.0217391304347826,0.0869565217391304,0.1024844720496894,0.0031055900621118,0.0,0.0527950310559006,0.031055900621118,0.062111801242236,0.0838509316770186,0.0062111801242236,0.0031055900621118,0.0403726708074534,0.0496894409937888,0.1024844720496894,0.0217391304347826,0.0124223602484472,0.031055900621118,0.0,0.0248447204968944,0.0,0.5176105224698575,85,43.99689440993789,3.788235294117647,28.33333333333333
Isaiah,0.0,0.0,0.0,0.0,0.0,0.0,0.5848008689012096,0.33112582781456956,0.0,0.0,0.5848008689012096,0.33112582781456956,0.0,0.0,19.298428673739917,10.927152317880795,0.5848008689012096,0.33112582781456956,0.0,0.0,3.5088052134072574,1.9867549668874174,0.0,0.0,0.0,0.0,0.0,0.0,0.0,0.0,0.5848008689012096,0.33112582781456956,0.0,0.0,3.5088052134072574,1.9867549668874174,0.0,0.0,0.0,0.0,0.0,0.0,0.0,0.0,0.0,0.0,0.0,0.0,0.0,0.0,0.0,0.0,0.0,0.0,1.1696017378024193,0.6622516556291391,1.1696017378024193,0.6622516556291391,0.0,0.0,0.0,0.0,0.5848008689012096,0.33112582781456956,0.0,0.0,0.0,0.0,0.0,0.0,0.0,0.0,1.1696017378024193,0.6622516556291391,1.1696017378024193,0.6622516556291391,0.0,0.0,0.0,0.0,1.1696017378024193,0.6622516556291391,0.0,0.0,0.0,0.0,0.0,0.0,0.0,0.0,0.0,0.0,0.0,0.0,3.5088052134072574,1.9867549668874174,0.0,0.0,0.0,0.0,1.1696017378024193,0.6622516556291391,1.1696017378024193,0.6622516556291391,0.0,0.0,0.5848008689012096,0.33112582781456956,0.0,0.0,1.7544026067036287,0.9933774834437087,0.0,0.0,0.5848008689012096,0.33112582781456956,0.0,0.0,0.0,0.0,0.0,0.0,0.0,0.0,0.0,0.0,0.0,0.0,0.0,0.0,0.0,0.0,0.0,0.0,0.0,0.0,0.0,0.0,0.0,0.0,0.0,0.0,11.111216509122983,6.291390728476822,0.0,0.0,0.0,0.0,0.0,0.0,1.1696017378024193,0.6622516556291391,0.0,0.0,0.0,0.0,0.0,0.0,1.7544026067036287,0.9933774834437087,0.0,0.0,0.0,0.0,0.0,0.0,0.0,0.0,7.602411295715725,4.304635761589404,0.0,0.0,0.0,0.0,0.0,0.0,0.0,0.0,0.0,0.0,0.0,0.0,4.678406951209677,2.6490066225165565,19.298428673739917,10.927152317880795,0.0,0.0,0.0,0.0,0.5848008689012096,0.33112582781456956,0.0,0.0,0.0,0.0,0.5848008689012096,0.33112582781456956,0.0,0.0,0.0,0.0,0.0,0.0,0.0,0.0,0.5848008689012096,0.33112582781456956,0.0,0.0,0.0,0.0,0.0,0.0,0.0,0.0,0.0,0.0,0.0,0.0,0.0,0.0,0.0,0.0,0.0,0.0,0.0,0.0,0.0,0.0,1.7544026067036287,0.9933774834437087,0.0,0.0,0.0,0.0,1.7544026067036287,0.9933774834437087,0.0,0.0,0.0,0.0,2.3392034756048385,1.3245033112582782,0.0,0.0,0.0,0.0,0.0,0.0,0.5848008689012096,0.33112582781456956,0.0,0.0,0.0,0.0,0.5848008689012096,0.33112582781456956,0.0,0.0,0.0,0.0,0.0,0.0,0.0,0.0,0.0,0.0,0.0,0.0,0.0,0.0,0.0,0.0,0.0,0.0,0.0,0.0,0.0,0.0,0.0,0.0,0.0,0.0,0.0,0.0,0.0,0.0,1.1696017378024193,0.6622516556291391,0.0,0.0,0.0,0.0,0.0,0.0,0.0,0.0,0.0,0.0,0.0,0.0,0.0,0.0,0.105433901054339,0.0210867802108678,0.0145985401459854,0.0543390105433901,0.121654501216545,0.0259529602595296,0.0218978102189781,0.0697485806974858,0.0502838605028386,0.0040551500405515,0.0040551500405515,0.0689375506893755,0.0227088402270884,0.0851581508515815,0.0575831305758313,0.0154095701540957,0.0,0.0446066504460665,0.0616382806163828,0.0843471208434712,0.0210867802108678,0.0064882400648824,0.0154095701540957,0.0008110300081103,0.0186536901865369,0.0024330900243309,0.5662197945032579,302,170.99837793998387,4.082781456953643,25.166666666666668
Jeremiah,0.0,0.0,0.0,0.0,0.0,0.0,0.5524881933781276,0.2785515320334262,0.5524881933781276,0.2785515320334262,0.0,0.0,0.0,0.0,8.287322900671915,4.178272980501393,3.3149291602687656,1.6713091922005572,1.6574645801343828,0.8356545961002786,1.6574645801343828,0.8356545961002786,0.0,0.0,2.2099527735125104,1.1142061281337048,0.0,0.0,0.5524881933781276,0.2785515320334262,0.0,0.0,0.5524881933781276,0.2785515320334262,0.0,0.0,0.0,0.0,0.0,0.0,0.0,0.0,0.0,0.0,1.1049763867562552,0.5571030640668524,0.0,0.0,0.0,0.0,0.0,0.0,0.0,0.0,0.0,0.0,2.2099527735125104,1.1142061281337048,0.0,0.0,0.0,0.0,2.762440966890638,1.392757660167131,0.5524881933781276,0.2785515320334262,0.5524881933781276,0.2785515320334262,1.1049763867562552,0.5571030640668524,0.5524881933781276,0.2785515320334262,2.762440966890638,1.392757660167131,0.5524881933781276,0.2785515320334262,0.0,0.0,0.0,0.0,0.5524881933781276,0.2785515320334262,0.0,0.0,0.0,0.0,0.0,0.0,1.1049763867562552,0.5571030640668524,1.1049763867562552,0.5571030640668524,0.0,0.0,1.6574645801343828,0.8356545961002786,0.0,0.0,0.0,0.0,2.762440966890638,1.392757660167131,2.2099527735125104,1.1142061281337048,0.0,0.0,0.0,0.0,0.0,0.0,1.1049763867562552,0.5571030640668524,0.5524881933781276,0.2785515320334262,0.0,0.0,0.0,0.0,0.0,0.0,2.2099527735125104,1.1142061281337048,0.0,0.0,0.0,0.0,0.0,0.0,0.0,0.0,5.524881933781276,2.785515320334262,0.0,0.0,1.1049763867562552,0.5571030640668524,1.6574645801343828,0.8356545961002786,0.0,0.0,0.5524881933781276,0.2785515320334262,3.867417353646893,1.9498607242339834,0.0,0.0,0.0,0.0,0.0,0.0,0.0,0.0,0.0,0.0,0.0,0.0,0.0,0.0,0.0,0.0,0.5524881933781276,0.2785515320334262,0.0,0.0,1.1049763867562552,0.5571030640668524,0.0,0.0,3.867417353646893,1.9498607242339834,0.0,0.0,0.0,0.0,0.0,0.0,0.0,0.0,0.0,0.0,0.5524881933781276,0.2785515320334262,1.6574645801343828,0.8356545961002786,10.497275674184424,5.2924791086350975,1.1049763867562552,0.5571030640668524,0.5524881933781276,0.2785515320334262,0.5524881933781276,0.2785515320334262,0.5524881933781276,0.2785515320334262,0.0,0.0,0.0,0.0,0.0,0.0,0.0,0.0,0.0,0.0,0.0,0.0,0.0,0.0,0.0,0.0,0.0,0.0,0.0,0.0,0.0,0.0,0.5524881933781276,0.2785515320334262,4.419905547025021,2.2284122562674096,1.1049763867562552,0.5571030640668524,0.5524881933781276,0.2785515320334262,1.6574645801343828,0.8356545961002786,0.0,0.0,0.0,0.0,2.2099527735125104,1.1142061281337048,0.0,0.0,0.0,0.0,3.867417353646893,1.9498607242339834,0.0,0.0,2.762440966890638,1.392757660167131,0.5524881933781276,0.2785515320334262,0.0,0.0,0.0,0.0,0.5524881933781276,0.2785515320334262,0.5524881933781276,0.2785515320334262,0.0,0.0,0.0,0.0,0.0,0.0,0.0,0.0,0.0,0.0,0.0,0.0,0.0,0.0,0.0,0.0,0.0,0.0,0.0,0.0,0.0,0.0,0.0,0.0,0.0,0.0,0.0,0.0,0.0,0.0,0.0,0.0,0.0,0.0,0.0,0.0,0.5524881933781276,0.2785515320334262,0.0,0.0,0.5524881933781276,0.2785515320334262,0.0,0.0,1.1049763867562552,0.5571030640668524,0.0,0.0,0.0,0.0,0.0,0.0,0.0854139290407358,0.0137976346911957,0.0223390275952693,0.0479632063074901,0.1294349540078843,0.0164257555847569,0.0157687253613666,0.0795006570302234,0.0597897503285151,0.0032851511169513,0.0045992115637319,0.0512483574244415,0.0289093298291721,0.0611038107752956,0.0735873850197109,0.0164257555847569,0.0,0.0459921156373193,0.0670170827858081,0.0913272010512483,0.0315374507227332,0.0118265440210249,0.0197109067017082,0.0,0.0223390275952693,0.0,0.5041764428127483,359,180.99934296977665,4.2395543175487465,23.866666666666667
Ezekiel,0.0,0.0,0.44445477985099585,0.2583979328165375,0.0,0.0,0.0,0.0,0.8889095597019917,0.516795865633075,0.44445477985099585,0.2583979328165375,0.44445477985099585,0.2583979328165375,13.333643395529876,7.751937984496124,0.44445477985099585,0.2583979328165375,0.44445477985099585,0.2583979328165375,0.8889095597019917,0.516795865633075,0.0,0.0,0.0,0.0,0.0,0.0,0.44445477985099585,0.2583979328165375,0.0,0.0,0.0,0.0,1.7778191194039834,1.03359173126615,0.44445477985099585,0.2583979328165375,0.0,0.0,0.0,0.0,0.0,0.0,0.0,0.0,0.0,0.0,0.0,0.0,0.0,0.0,0.0,0.0,0.0,0.0,1.3333643395529875,0.7751937984496124,0.0,0.0,0.0,0.0,1.7778191194039834,1.03359173126615,0.44445477985099585,0.2583979328165375,0.0,0.0,0.44445477985099585,0.2583979328165375,0.44445477985099585,0.2583979328165375,0.8889095597019917,0.516795865633075,0.8889095597019917,0.516795865633075,0.0,0.0,0.0,0.0,0.0,0.0,0.0,0.0,0.0,0.0,0.0,0.0,0.0,0.0,0.0,0.0,0.0,0.0,2.666728679105975,1.550387596899225,0.0,0.0,0.44445477985099585,0.2583979328165375,0.44445477985099585,0.2583979328165375,2.2222738992549793,1.2919896640826873,0.0,0.0,0.0,0.0,0.0,0.0,0.8889095597019917,0.516795865633075,0.44445477985099585,0.2583979328165375,1.7778191194039834,1.03359173126615,0.0,0.0,0.44445477985099585,0.2583979328165375,0.8889095597019917,0.516795865633075,0.0,0.0,0.44445477985099585,0.2583979328165375,0.0,0.0,0.0,0.0,1.3333643395529875,0.7751937984496124,0.44445477985099585,0.2583979328165375,0.0,0.0,1.3333643395529875,0.7751937984496124,0.0,0.0,0.44445477985099585,0.2583979328165375,5.33345735821195,3.10077519379845,0.0,0.0,0.0,0.0,0.0,0.0,1.3333643395529875,0.7751937984496124,0.44445477985099585,0.2583979328165375,0.0,0.0,0.0,0.0,0.0,0.0,0.8889095597019917,0.516795865633075,0.0,0.0,1.7778191194039834,1.03359173126615,0.0,0.0,1.7778191194039834,1.03359173126615,5.777912138062947,3.359173126614987,0.0,0.0,0.0,0.0,0.0,0.0,0.0,0.0,0.0,0.0,1.7778191194039834,1.03359173126615,6.222366917913942,3.6175710594315245,3.555638238807967,2.0671834625323,1.3333643395529875,0.7751937984496124,1.3333643395529875,0.7751937984496124,1.3333643395529875,0.7751937984496124,0.0,0.0,0.44445477985099585,0.2583979328165375,0.0,0.0,0.0,0.0,0.0,0.0,0.0,0.0,0.8889095597019917,0.516795865633075,0.0,0.0,0.0,0.0,0.0,0.0,0.44445477985099585,0.2583979328165375,0.0,0.0,1.3333643395529875,0.7751937984496124,0.44445477985099585,0.2583979328165375,0.0,0.0,7.111276477615934,4.1343669250646,0.0,0.0,0.44445477985099585,0.2583979328165375,2.2222738992549793,1.2919896640826873,0.0,0.0,0.8889095597019917,0.516795865633075,2.666728679105975,1.550387596899225,0.0,0.0,1.3333643395529875,0.7751937984496124,1.7778191194039834,1.03359173126615,0.0,0.0,0.0,0.0,0.0,0.0,0.0,0.0,0.0,0.0,0.0,0.0,0.44445477985099585,0.2583979328165375,0.0,0.0,0.0,0.0,0.0,0.0,0.0,0.0,0.0,0.0,0.0,0.0,0.0,0.0,0.0,0.0,0.0,0.0,0.8889095597019917,0.516795865633075,0.44445477985099585,0.2583979328165375,0.0,0.0,0.0,0.0,0.0,0.0,0.0,0.0,1.7778191194039834,1.03359173126615,2.666728679105975,1.550387596899225,0.0,0.0,0.0,0.0,0.0,0.0,0.0,0.0,0.0,0.0,0.0,0.0,0.0994113799869195,0.0202746893394375,0.0111183780248528,0.0549378678875081,0.1196860693263571,0.0215827338129496,0.0091563113145846,0.0876389797253106,0.0634401569653368,0.000654022236756,0.0098103335513407,0.0431654676258992,0.0248528449967298,0.0686723348593852,0.0601700457815565,0.0104643557880967,0.000654022236756,0.0483976455199476,0.0464355788096795,0.1170699803793329,0.0307390451275343,0.0058862001308044,0.0196206671026814,0.000654022236756,0.0196206671026814,0.000654022236756,0.5813818289976896,387,224.9947678221059,3.950904392764858,32.0
Daniel,0.0,0.0,0.0,0.0,0.0,0.0,10.256410256410259,5.88235294117647,0.0,0.0,2.5641025641025648,1.4705882352941175,0.0,0.0,17.948717948717952,10.294117647058822,0.0,0.0,0.0,0.0,0.0,0.0,0.0,0.0,0.0,0.0,0.0,0.0,0.0,0.0,0.0,0.0,0.0,0.0,0.0,0.0,0.0,0.0,0.0,0.0,0.0,0.0,0.0,0.0,0.0,0.0,0.0,0.0,0.0,0.0,0.0,0.0,0.0,0.0,0.0,0.0,0.0,0.0,0.0,0.0,0.0,0.0,0.0,0.0,0.0,0.0,0.0,0.0,0.0,0.0,0.0,0.0,0.0,0.0,2.5641025641025648,1.4705882352941175,0.0,0.0,0.0,0.0,0.0,0.0,0.0,0.0,0.0,0.0,0.0,0.0,2.5641025641025648,1.4705882352941175,0.0,0.0,0.0,0.0,5.1282051282051295,2.941176470588235,0.0,0.0,0.0,0.0,0.0,0.0,0.0,0.0,0.0,0.0,0.0,0.0,2.5641025641025648,1.4705882352941175,0.0,0.0,0.0,0.0,0.0,0.0,0.0,0.0,0.0,0.0,0.0,0.0,0.0,0.0,0.0,0.0,0.0,0.0,0.0,0.0,0.0,0.0,0.0,0.0,0.0,0.0,0.0,0.0,0.0,0.0,0.0,0.0,7.692307692307694,4.411764705882353,0.0,0.0,0.0,0.0,0.0,0.0,0.0,0.0,0.0,0.0,0.0,0.0,0.0,0.0,0.0,0.0,0.0,0.0,0.0,0.0,0.0,0.0,0.0,0.0,0.0,0.0,0.0,0.0,0.0,0.0,0.0,0.0,0.0,0.0,0.0,0.0,2.5641025641025648,1.4705882352941175,5.1282051282051295,2.941176470588235,12.820512820512823,7.352941176470589,0.0,0.0,0.0,0.0,10.256410256410259,5.88235294117647,0.0,0.0,0.0,0.0,0.0,0.0,0.0,0.0,2.5641025641025648,1.4705882352941175,0.0,0.0,0.0,0.0,0.0,0.0,0.0,0.0,0.0,0.0,0.0,0.0,0.0,0.0,0.0,0.0,2.5641025641025648,1.4705882352941175,0.0,0.0,0.0,0.0,0.0,0.0,0.0,0.0,0.0,0.0,0.0,0.0,0.0,0.0,0.0,0.0,0.0,0.0,0.0,0.0,2.5641025641025648,1.4705882352941175,0.0,0.0,0.0,0.0,0.0,0.0,2.5641025641025648,1.4705882352941175,0.0,0.0,2.5641025641025648,1.4705882352941175,0.0,0.0,0.0,0.0,0.0,0.0,0.0,0.0,0.0,0.0,0.0,0.0,0.0,0.0,0.0,0.0,0.0,0.0,0.0,0.0,0.0,0.0,0.0,0.0,0.0,0.0,0.0,0.0,0.0,0.0,0.0,0.0,0.0,0.0,0.0,0.0,2.5641025641025648,1.4705882352941175,0.0,0.0,0.0,0.0,0.0,0.0,0.0,0.0,0.0,0.0,0.0,0.0,0.1028938906752411,0.0064308681672025,0.0128617363344051,0.0578778135048231,0.1221864951768488,0.0257234726688102,0.0257234726688102,0.067524115755627,0.0707395498392283,0.0,0.0160771704180064,0.045016077170418,0.0418006430868167,0.1093247588424437,0.0546623794212218,0.0,0.0032154340836012,0.0482315112540192,0.0418006430868167,0.0932475884244373,0.0257234726688102,0.0032154340836012,0.0128617363344051,0.0,0.0096463022508038,0.0032154340836012,0.5735294117647057,68,38.99999999999999,4.573529411764706,22.666666666666668
Hosea,0.0,0.0,0.0,0.0,0.0,0.0,0.0,0.0,0.0,0.0,0.0,0.0,0.0,0.0,8.333333333333332,5.405405405405405,0.0,0.0,0.0,0.0,0.0,0.0,0.0,0.0,0.0,0.0,0.0,0.0,0.0,0.0,0.0,0.0,4.166666666666666,2.7027027027027026,25.0,16.216216216216218,0.0,0.0,0.0,0.0,0.0,0.0,0.0,0.0,0.0,0.0,0.0,0.0,0.0,0.0,0.0,0.0,0.0,0.0,0.0,0.0,0.0,0.0,0.0,0.0,0.0,0.0,0.0,0.0,4.166666666666666,2.7027027027027026,0.0,0.0,0.0,0.0,0.0,0.0,4.166666666666666,2.7027027027027026,0.0,0.0,0.0,0.0,0.0,0.0,0.0,0.0,0.0,0.0,0.0,0.0,0.0,0.0,0.0,0.0,0.0,0.0,0.0,0.0,0.0,0.0,0.0,0.0,0.0,0.0,0.0,0.0,0.0,0.0,0.0,0.0,0.0,0.0,0.0,0.0,4.166666666666666,2.7027027027027026,0.0,0.0,0.0,0.0,0.0,0.0,0.0,0.0,0.0,0.0,0.0,0.0,0.0,0.0,0.0,0.0,0.0,0.0,0.0,0.0,0.0,0.0,0.0,0.0,4.166666666666666,2.7027027027027026,0.0,0.0,0.0,0.0,4.166666666666666,2.7027027027027026,0.0,0.0,0.0,0.0,0.0,0.0,0.0,0.0,0.0,0.0,0.0,0.0,0.0,0.0,0.0,0.0,0.0,0.0,0.0,0.0,0.0,0.0,0.0,0.0,0.0,0.0,0.0,0.0,0.0,0.0,0.0,0.0,0.0,0.0,0.0,0.0,0.0,0.0,0.0,0.0,8.333333333333332,5.405405405405405,0.0,0.0,4.166666666666666,2.7027027027027026,8.333333333333332,5.405405405405405,0.0,0.0,0.0,0.0,0.0,0.0,0.0,0.0,0.0,0.0,0.0,0.0,0.0,0.0,0.0,0.0,0.0,0.0,0.0,0.0,0.0,0.0,0.0,0.0,0.0,0.0,0.0,0.0,0.0,0.0,0.0,0.0,0.0,0.0,0.0,0.0,0.0,0.0,0.0,0.0,0.0,0.0,0.0,0.0,0.0,0.0,0.0,0.0,0.0,0.0,4.166666666666666,2.7027027027027026,0.0,0.0,0.0,0.0,0.0,0.0,0.0,0.0,0.0,0.0,0.0,0.0,0.0,0.0,0.0,0.0,0.0,0.0,0.0,0.0,0.0,0.0,0.0,0.0,0.0,0.0,0.0,0.0,0.0,0.0,0.0,0.0,0.0,0.0,0.0,0.0,0.0,0.0,0.0,0.0,0.0,0.0,0.0,0.0,12.5,8.108108108108109,0.0,0.0,0.0,0.0,0.0,0.0,0.0,0.0,0.0,0.0,0.0,0.0,0.0,0.0,0.0526315789473684,0.0676691729323308,0.0075187969924812,0.0451127819548872,0.1052631578947368,0.0075187969924812,0.0075187969924812,0.075187969924812,0.037593984962406,0.0075187969924812,0.0,0.0601503759398496,0.0300751879699248,0.0601503759398496,0.0977443609022556,0.0075187969924812,0.0,0.0676691729323308,0.0526315789473684,0.0676691729323308,0.0300751879699248,0.0225563909774436,0.037593984962406,0.0,0.0526315789473684,0.0,0.6486486486486487,37,24.0,3.5945945945945947,37.0
Joel,,,,,,,,,,,,,,,,,,,,,,,,,,,,,,,,,,,,,,,,,,,,,,,,,,,,,,,,,,,,,,,,,,,,,,,,,,,,,,,,,,,,,,,,,,,,,,,,,,,,,,,,,,,,,,,,,,,,,,,,,,,,,,,,,,,,,,,,,,,,,,,,,,,,,,,,,,,,,,,,,,,,,,,,,,,,,,,,,,,,,,,,,,,,,,,,,,,,,,,,,,,,,,,,,,,,,,,,,,,,,,,,,,,,,,,,,,,,,,,,,,,,,,,,,,,,,,,,,,,,,,,,,,,,,,,,,,,,,,,,,,,,,,,,,,,,,,,,,,,,,,,,,0.0,0.0,0.0,0.0,0.0,0.0,0.0,0.0,0.0,0.0,0.0,0.0,0.0,0.0,0.0,0.0,0.0,0.0,0.0,0.0,0.0,0.0,0.0,0.0,0.0,0.0,,0,0.0,0.0,0.0
Amos,0.0,0.0,0.0,0.0,0.0,0.0,0.0,0.0,0.0,0.0,0.0,0.0,0.0,0.0,0.0,0.0,0.0,0.0,0.0,0.0,0.0,0.0,0.0,0.0,0.0,0.0,0.0,0.0,0.0,0.0,0.0,0.0,11.111111111111116,5.88235294117647,0.0,0.0,0.0,0.0,0.0,0.0,0.0,0.0,0.0,0.0,0.0,0.0,0.0,0.0,0.0,0.0,0.0,0.0,0.0,0.0,0.0,0.0,0.0,0.0,0.0,0.0,0.0,0.0,0.0,0.0,0.0,0.0,0.0,0.0,0.0,0.0,0.0,0.0,0.0,0.0,0.0,0.0,0.0,0.0,0.0,0.0,0.0,0.0,0.0,0.0,0.0,0.0,0.0,0.0,0.0,0.0,0.0,0.0,0.0,0.0,0.0,0.0,0.0,0.0,0.0,0.0,0.0,0.0,0.0,0.0,0.0,0.0,0.0,0.0,0.0,0.0,0.0,0.0,0.0,0.0,0.0,0.0,0.0,0.0,0.0,0.0,0.0,0.0,0.0,0.0,0.0,0.0,0.0,0.0,0.0,0.0,0.0,0.0,0.0,0.0,0.0,0.0,0.0,0.0,0.0,0.0,0.0,0.0,11.111111111111116,5.88235294117647,0.0,0.0,0.0,0.0,0.0,0.0,0.0,0.0,0.0,0.0,0.0,0.0,0.0,0.0,0.0,0.0,0.0,0.0,0.0,0.0,0.0,0.0,0.0,0.0,11.111111111111116,5.88235294117647,0.0,0.0,0.0,0.0,0.0,0.0,0.0,0.0,0.0,0.0,0.0,0.0,0.0,0.0,22.222222222222232,11.76470588235294,0.0,0.0,0.0,0.0,0.0,0.0,0.0,0.0,0.0,0.0,0.0,0.0,0.0,0.0,0.0,0.0,0.0,0.0,0.0,0.0,11.111111111111116,5.88235294117647,0.0,0.0,0.0,0.0,0.0,0.0,0.0,0.0,0.0,0.0,0.0,0.0,0.0,0.0,0.0,0.0,0.0,0.0,0.0,0.0,0.0,0.0,0.0,0.0,0.0,0.0,0.0,0.0,0.0,0.0,0.0,0.0,0.0,0.0,0.0,0.0,0.0,0.0,0.0,0.0,0.0,0.0,0.0,0.0,0.0,0.0,0.0,0.0,0.0,0.0,0.0,0.0,0.0,0.0,0.0,0.0,0.0,0.0,0.0,0.0,0.0,0.0,0.0,0.0,0.0,0.0,0.0,0.0,11.111111111111116,5.88235294117647,0.0,0.0,0.0,0.0,0.0,0.0,0.0,0.0,0.0,0.0,11.111111111111116,5.88235294117647,0.0,0.0,0.0,0.0,0.0,0.0,0.0,0.0,0.0,0.0,0.0,0.0,0.0,0.0,0.1076923076923077,0.0153846153846153,0.0307692307692307,0.0307692307692307,0.123076923076923,0.0461538461538461,0.0153846153846153,0.0923076923076923,0.0615384615384615,0.0,0.0,0.1076923076923077,0.0,0.0307692307692307,0.0615384615384615,0.0153846153846153,0.0,0.0461538461538461,0.0461538461538461,0.0615384615384615,0.0307692307692307,0.0153846153846153,0.0461538461538461,0.0,0.0,0.0153846153846153,0.5294117647058821,17,8.999999999999996,3.823529411764706,17.0
Obadiah,,,,,,,,,,,,,,,,,,,,,,,,,,,,,,,,,,,,,,,,,,,,,,,,,,,,,,,,,,,,,,,,,,,,,,,,,,,,,,,,,,,,,,,,,,,,,,,,,,,,,,,,,,,,,,,,,,,,,,,,,,,,,,,,,,,,,,,,,,,,,,,,,,,,,,,,,,,,,,,,,,,,,,,,,,,,,,,,,,,,,,,,,,,,,,,,,,,,,,,,,,,,,,,,,,,,,,,,,,,,,,,,,,,,,,,,,,,,,,,,,,,,,,,,,,,,,,,,,,,,,,,,,,,,,,,,,,,,,,,,,,,,,,,,,,,,,,,,,,,,,,,,,0.0,0.0,0.0,0.0,0.0,0.0,0.0,0.0,0.0,0.0,0.0,0.0,0.0,0.0,0.0,0.0,0.0,0.0,0.0,0.0,0.0,0.0,0.0,0.0,0.0,0.0,,0,0.0,0.0,0.0
Jonah,,,,,,,,,,,,,,,,,,,,,,,,,,,,,,,,,,,,,,,,,,,,,,,,,,,,,,,,,,,,,,,,,,,,,,,,,,,,,,,,,,,,,,,,,,,,,,,,,,,,,,,,,,,,,,,,,,,,,,,,,,,,,,,,,,,,,,,,,,,,,,,,,,,,,,,,,,,,,,,,,,,,,,,,,,,,,,,,,,,,,,,,,,,,,,,,,,,,,,,,,,,,,,,,,,,,,,,,,,,,,,,,,,,,,,,,,,,,,,,,,,,,,,,,,,,,,,,,,,,,,,,,,,,,,,,,,,,,,,,,,,,,,,,,,,,,,,,,,,,,,,,,,0.0,0.0,0.0,0.0,0.0,0.0,0.0,0.0,0.0,0.0,0.0,0.0,0.0,0.0,0.0,0.0,0.0,0.0,0.0,0.0,0.0,0.0,0.0,0.0,0.0,0.0,,0,0.0,0.0,0.0
Micah,0.0,0.0,0.0,0.0,0.0,0.0,8.823529411764701,5.88235294117647,0.0,0.0,0.0,0.0,5.8823529411764675,3.9215686274509802,11.764705882352935,7.8431372549019605,0.0,0.0,0.0,0.0,5.8823529411764675,3.9215686274509802,0.0,0.0,0.0,0.0,0.0,0.0,0.0,0.0,0.0,0.0,0.0,0.0,0.0,0.0,0.0,0.0,0.0,0.0,0.0,0.0,0.0,0.0,0.0,0.0,0.0,0.0,0.0,0.0,0.0,0.0,0.0,0.0,0.0,0.0,2.9411764705882337,1.9607843137254901,0.0,0.0,0.0,0.0,0.0,0.0,0.0,0.0,0.0,0.0,0.0,0.0,0.0,0.0,0.0,0.0,0.0,0.0,0.0,0.0,0.0,0.0,0.0,0.0,0.0,0.0,0.0,0.0,0.0,0.0,0.0,0.0,0.0,0.0,0.0,0.0,0.0,0.0,0.0,0.0,0.0,0.0,0.0,0.0,2.9411764705882337,1.9607843137254901,0.0,0.0,0.0,0.0,0.0,0.0,0.0,0.0,0.0,0.0,0.0,0.0,0.0,0.0,0.0,0.0,0.0,0.0,0.0,0.0,0.0,0.0,0.0,0.0,0.0,0.0,0.0,0.0,0.0,0.0,0.0,0.0,0.0,0.0,0.0,0.0,0.0,0.0,8.823529411764701,5.88235294117647,0.0,0.0,0.0,0.0,0.0,0.0,0.0,0.0,0.0,0.0,0.0,0.0,0.0,0.0,0.0,0.0,0.0,0.0,0.0,0.0,0.0,0.0,0.0,0.0,8.823529411764701,5.88235294117647,0.0,0.0,0.0,0.0,0.0,0.0,0.0,0.0,0.0,0.0,0.0,0.0,0.0,0.0,17.647058823529402,11.76470588235294,0.0,0.0,0.0,0.0,0.0,0.0,0.0,0.0,0.0,0.0,0.0,0.0,0.0,0.0,0.0,0.0,0.0,0.0,0.0,0.0,8.823529411764701,5.88235294117647,0.0,0.0,0.0,0.0,0.0,0.0,0.0,0.0,0.0,0.0,2.9411764705882337,1.9607843137254901,0.0,0.0,0.0,0.0,0.0,0.0,0.0,0.0,0.0,0.0,0.0,0.0,0.0,0.0,0.0,0.0,5.8823529411764675,3.9215686274509802,0.0,0.0,0.0,0.0,0.0,0.0,0.0,0.0,0.0,0.0,0.0,0.0,0.0,0.0,0.0,0.0,0.0,0.0,0.0,0.0,0.0,0.0,0.0,0.0,0.0,0.0,0.0,0.0,0.0,0.0,0.0,0.0,0.0,0.0,0.0,0.0,0.0,0.0,0.0,0.0,0.0,0.0,0.0,0.0,0.0,0.0,0.0,0.0,0.0,0.0,2.9411764705882337,1.9607843137254901,2.9411764705882337,1.9607843137254901,0.0,0.0,0.0,0.0,0.0,0.0,0.0,0.0,0.0,0.0,0.0,0.0,0.0985221674876847,0.0197044334975369,0.0049261083743842,0.0394088669950738,0.1576354679802955,0.0394088669950738,0.0147783251231527,0.1034482758620689,0.0541871921182266,0.0,0.0,0.0935960591133004,0.0049261083743842,0.0492610837438423,0.064039408866995,0.0049261083743842,0.0,0.0738916256157635,0.0443349753694581,0.0985221674876847,0.0098522167487684,0.0049261083743842,0.0098522167487684,0.0,0.0098522167487684,0.0,0.6666666666666671,51,34.00000000000002,3.980392156862745,51.0
Nahum,,,,,,,,,,,,,,,,,,,,,,,,,,,,,,,,,,,,,,,,,,,,,,,,,,,,,,,,,,,,,,,,,,,,,,,,,,,,,,,,,,,,,,,,,,,,,,,,,,,,,,,,,,,,,,,,,,,,,,,,,,,,,,,,,,,,,,,,,,,,,,,,,,,,,,,,,,,,,,,,,,,,,,,,,,,,,,,,,,,,,,,,,,,,,,,,,,,,,,,,,,,,,,,,,,,,,,,,,,,,,,,,,,,,,,,,,,,,,,,,,,,,,,,,,,,,,,,,,,,,,,,,,,,,,,,,,,,,,,,,,,,,,,,,,,,,,,,,,,,,,,,,,0.0,0.0,0.0,0.0,0.0,0.0,0.0,0.0,0.0,0.0,0.0,0.0,0.0,0.0,0.0,0.0,0.0,0.0,0.0,0.0,0.0,0.0,0.0,0.0,0.0,0.0,,0,0.0,0.0,0.0
Habakkuk,,,,,,,,,,,,,,,,,,,,,,,,,,,,,,,,,,,,,,,,,,,,,,,,,,,,,,,,,,,,,,,,,,,,,,,,,,,,,,,,,,,,,,,,,,,,,,,,,,,,,,,,,,,,,,,,,,,,,,,,,,,,,,,,,,,,,,,,,,,,,,,,,,,,,,,,,,,,,,,,,,,,,,,,,,,,,,,,,,,,,,,,,,,,,,,,,,,,,,,,,,,,,,,,,,,,,,,,,,,,,,,,,,,,,,,,,,,,,,,,,,,,,,,,,,,,,,,,,,,,,,,,,,,,,,,,,,,,,,,,,,,,,,,,,,,,,,,,,,,,,,,,,0.0,0.0,0.0,0.0,0.0,0.0,0.0,0.0,0.0,0.0,0.0,0.0,0.0,0.0,0.0,0.0,0.0,0.0,0.0,0.0,0.0,0.0,0.0,0.0,0.0,0.0,,0,0.0,0.0,0.0
Zephaniah,,,,,,,,,,,,,,,,,,,,,,,,,,,,,,,,,,,,,,,,,,,,,,,,,,,,,,,,,,,,,,,,,,,,,,,,,,,,,,,,,,,,,,,,,,,,,,,,,,,,,,,,,,,,,,,,,,,,,,,,,,,,,,,,,,,,,,,,,,,,,,,,,,,,,,,,,,,,,,,,,,,,,,,,,,,,,,,,,,,,,,,,,,,,,,,,,,,,,,,,,,,,,,,,,,,,,,,,,,,,,,,,,,,,,,,,,,,,,,,,,,,,,,,,,,,,,,,,,,,,,,,,,,,,,,,,,,,,,,,,,,,,,,,,,,,,,,,,,,,,,,,,,0.0,0.0,0.0,0.0,0.0,0.0,0.0,0.0,0.0,0.0,0.0,0.0,0.0,0.0,0.0,0.0,0.0,0.0,0.0,0.0,0.0,0.0,0.0,0.0,0.0,0.0,,0,0.0,0.0,0.0
Haggai,,,,,,,,,,,,,,,,,,,,,,,,,,,,,,,,,,,,,,,,,,,,,,,,,,,,,,,,,,,,,,,,,,,,,,,,,,,,,,,,,,,,,,,,,,,,,,,,,,,,,,,,,,,,,,,,,,,,,,,,,,,,,,,,,,,,,,,,,,,,,,,,,,,,,,,,,,,,,,,,,,,,,,,,,,,,,,,,,,,,,,,,,,,,,,,,,,,,,,,,,,,,,,,,,,,,,,,,,,,,,,,,,,,,,,,,,,,,,,,,,,,,,,,,,,,,,,,,,,,,,,,,,,,,,,,,,,,,,,,,,,,,,,,,,,,,,,,,,,,,,,,,,0.0,0.0,0.0,0.0,0.0,0.0,0.0,0.0,0.0,0.0,0.0,0.0,0.0,0.0,0.0,0.0,0.0,0.0,0.0,0.0,0.0,0.0,0.0,0.0,0.0,0.0,,0,0.0,0.0,0.0
Zechariah,0.0,0.0,0.0,0.0,0.0,0.0,0.0,0.0,0.0,0.0,0.0,0.0,0.0,0.0,11.538461538461535,6.382978723404255,0.0,0.0,0.0,0.0,0.0,0.0,0.0,0.0,0.0,0.0,0.0,0.0,0.0,0.0,0.0,0.0,0.0,0.0,0.0,0.0,0.0,0.0,0.0,0.0,0.0,0.0,0.0,0.0,0.0,0.0,0.0,0.0,0.0,0.0,0.0,0.0,0.0,0.0,0.0,0.0,7.69230769230769,4.25531914893617,0.0,0.0,0.0,0.0,0.0,0.0,0.0,0.0,0.0,0.0,0.0,0.0,0.0,0.0,0.0,0.0,0.0,0.0,0.0,0.0,0.0,0.0,0.0,0.0,0.0,0.0,0.0,0.0,0.0,0.0,0.0,0.0,0.0,0.0,0.0,0.0,0.0,0.0,0.0,0.0,0.0,0.0,0.0,0.0,0.0,0.0,0.0,0.0,0.0,0.0,0.0,0.0,7.69230769230769,4.25531914893617,0.0,0.0,0.0,0.0,0.0,0.0,0.0,0.0,11.538461538461535,6.382978723404255,0.0,0.0,0.0,0.0,0.0,0.0,0.0,0.0,0.0,0.0,0.0,0.0,0.0,0.0,0.0,0.0,0.0,0.0,0.0,0.0,3.846153846153845,2.127659574468085,0.0,0.0,0.0,0.0,0.0,0.0,0.0,0.0,0.0,0.0,0.0,0.0,0.0,0.0,0.0,0.0,0.0,0.0,0.0,0.0,3.846153846153845,2.127659574468085,0.0,0.0,0.0,0.0,0.0,0.0,0.0,0.0,0.0,0.0,0.0,0.0,0.0,0.0,0.0,0.0,7.69230769230769,4.25531914893617,15.38461538461538,8.51063829787234,0.0,0.0,0.0,0.0,0.0,0.0,0.0,0.0,0.0,0.0,0.0,0.0,0.0,0.0,0.0,0.0,0.0,0.0,0.0,0.0,0.0,0.0,0.0,0.0,0.0,0.0,0.0,0.0,0.0,0.0,0.0,0.0,0.0,0.0,0.0,0.0,0.0,0.0,3.846153846153845,2.127659574468085,0.0,0.0,3.846153846153845,2.127659574468085,0.0,0.0,0.0,0.0,0.0,0.0,0.0,0.0,0.0,0.0,3.846153846153845,2.127659574468085,0.0,0.0,0.0,0.0,0.0,0.0,0.0,0.0,0.0,0.0,0.0,0.0,0.0,0.0,0.0,0.0,0.0,0.0,0.0,0.0,0.0,0.0,0.0,0.0,0.0,0.0,0.0,0.0,0.0,0.0,0.0,0.0,0.0,0.0,0.0,0.0,0.0,0.0,0.0,0.0,0.0,0.0,0.0,0.0,0.0,0.0,0.0,0.0,15.38461538461538,8.51063829787234,0.0,0.0,0.0,0.0,0.0,0.0,0.0,0.0,0.0,0.0,0.0,0.0,0.0959595959595959,0.005050505050505,0.0151515151515151,0.0606060606060606,0.0959595959595959,0.0202020202020202,0.0252525252525252,0.0707070707070707,0.0454545454545454,0.0151515151515151,0.005050505050505,0.0454545454545454,0.0404040404040404,0.0505050505050505,0.0959595959595959,0.0,0.0,0.0555555555555555,0.0656565656565656,0.101010101010101,0.0353535353535353,0.0,0.0353535353535353,0.0,0.0151515151515151,0.005050505050505,0.5531914893617023,47,26.000000000000007,4.212765957446808,23.5
Malachi,,,,,,,,,,,,,,,,,,,,,,,,,,,,,,,,,,,,,,,,,,,,,,,,,,,,,,,,,,,,,,,,,,,,,,,,,,,,,,,,,,,,,,,,,,,,,,,,,,,,,,,,,,,,,,,,,,,,,,,,,,,,,,,,,,,,,,,,,,,,,,,,,,,,,,,,,,,,,,,,,,,,,,,,,,,,,,,,,,,,,,,,,,,,,,,,,,,,,,,,,,,,,,,,,,,,,,,,,,,,,,,,,,,,,,,,,,,,,,,,,,,,,,,,,,,,,,,,,,,,,,,,,,,,,,,,,,,,,,,,,,,,,,,,,,,,,,,,,,,,,,,,,0.0,0.0,0.0,0.0,0.0,0.0,0.0,0.0,0.0,0.0,0.0,0.0,0.0,0.0,0.0,0.0,0.0,0.0,0.0,0.0,0.0,0.0,0.0,0.0,0.0,0.0,,0,0.0,0.0,0.0
Matthew,0.0,0.0,0.0,0.0,0.0,0.0,0.8066138503836686,0.46728971962616817,0.0,0.0,0.0,0.0,0.8066138503836686,0.46728971962616817,9.679366204604023,5.607476635514018,0.0,0.0,0.0,0.0,4.839683102302011,2.803738317757009,0.0,0.0,0.0,0.0,0.8066138503836686,0.46728971962616817,0.0,0.0,0.0,0.0,2.4198415511510056,1.4018691588785046,1.6132277007673372,0.9345794392523363,0.8066138503836686,0.46728971962616817,0.0,0.0,0.0,0.0,0.0,0.0,0.0,0.0,0.0,0.0,0.0,0.0,0.0,0.0,0.0,0.0,0.8066138503836686,0.46728971962616817,0.8066138503836686,0.46728971962616817,0.0,0.0,0.0,0.0,1.6132277007673372,0.9345794392523363,1.6132277007673372,0.9345794392523363,0.8066138503836686,0.46728971962616817,0.0,0.0,0.0,0.0,0.8066138503836686,0.46728971962616817,5.64629695268568,3.2710280373831773,0.0,0.0,0.0,0.0,0.0,0.0,0.0,0.0,7.259524653453017,4.205607476635514,0.0,0.0,0.0,0.0,0.0,0.0,0.8066138503836686,0.46728971962616817,0.8066138503836686,0.46728971962616817,0.0,0.0,1.6132277007673372,0.9345794392523363,1.6132277007673372,0.9345794392523363,1.6132277007673372,0.9345794392523363,0.0,0.0,0.0,0.0,0.8066138503836686,0.46728971962616817,0.0,0.0,0.0,0.0,0.8066138503836686,0.46728971962616817,0.0,0.0,0.0,0.0,0.8066138503836686,0.46728971962616817,0.0,0.0,0.0,0.0,0.0,0.0,0.0,0.0,0.8066138503836686,0.46728971962616817,0.0,0.0,0.0,0.0,0.8066138503836686,0.46728971962616817,0.0,0.0,0.0,0.0,8.066138503836685,4.672897196261682,0.0,0.0,0.0,0.0,0.0,0.0,0.0,0.0,0.0,0.0,0.0,0.0,0.0,0.0,0.0,0.0,1.6132277007673372,0.9345794392523363,0.0,0.0,2.4198415511510056,1.4018691588785046,0.0,0.0,0.8066138503836686,0.46728971962616817,0.0,0.0,0.0,0.0,0.0,0.0,0.0,0.0,0.0,0.0,0.0,0.0,1.6132277007673372,0.9345794392523363,9.679366204604023,5.607476635514018,0.8066138503836686,0.46728971962616817,0.0,0.0,0.0,0.0,3.2264554015346745,1.8691588785046727,0.0,0.0,0.0,0.0,0.0,0.0,0.0,0.0,0.0,0.0,0.0,0.0,0.0,0.0,0.0,0.0,0.0,0.0,0.0,0.0,0.0,0.0,0.8066138503836686,0.46728971962616817,0.0,0.0,0.0,0.0,0.0,0.0,1.6132277007673372,0.9345794392523363,0.0,0.0,0.8066138503836686,0.46728971962616817,0.0,0.0,0.0,0.0,0.0,0.0,6.452910803069349,3.7383177570093453,0.0,0.0,2.4198415511510056,1.4018691588785046,0.8066138503836686,0.46728971962616817,0.0,0.0,0.0,0.0,2.4198415511510056,1.4018691588785046,0.0,0.0,0.8066138503836686,0.46728971962616817,0.0,0.0,2.4198415511510056,1.4018691588785046,0.0,0.0,0.0,0.0,0.0,0.0,0.0,0.0,0.0,0.0,0.0,0.0,0.0,0.0,0.0,0.0,0.0,0.0,0.0,0.0,0.0,0.0,0.0,0.0,0.8066138503836686,0.46728971962616817,0.0,0.0,0.0,0.0,0.0,0.0,0.0,0.0,0.0,0.0,0.0,0.0,0.0,0.0,0.0,0.0,0.0,0.0,0.0,0.0,0.0700712589073634,0.0225653206650831,0.01187648456057,0.0570071258907363,0.1318289786223277,0.0273159144893111,0.0166270783847981,0.0748218527315914,0.0593824228028503,0.008313539192399,0.002375296912114,0.0296912114014251,0.0320665083135391,0.0688836104513064,0.0748218527315914,0.0190023752969121,0.0,0.0320665083135391,0.0570071258907363,0.0973871733966745,0.0296912114014251,0.01187648456057,0.0225653206650831,0.0,0.014251781472684,0.003562945368171,0.579322707394499,214,123.97505938242278,3.934579439252337,21.4
Mark,0.0,0.0,0.0,0.0,0.0,0.0,2.740597265184585,1.7241379310344827,1.3702986325922926,0.8620689655172413,0.0,0.0,0.0,0.0,16.44358359110751,10.344827586206897,0.0,0.0,2.740597265184585,1.7241379310344827,1.3702986325922926,0.8620689655172413,0.0,0.0,0.0,0.0,0.0,0.0,0.0,0.0,0.0,0.0,0.0,0.0,0.0,0.0,0.0,0.0,0.0,0.0,0.0,0.0,0.0,0.0,0.0,0.0,0.0,0.0,0.0,0.0,0.0,0.0,0.0,0.0,0.0,0.0,2.740597265184585,1.7241379310344827,1.3702986325922926,0.8620689655172413,0.0,0.0,1.3702986325922926,0.8620689655172413,0.0,0.0,2.740597265184585,1.7241379310344827,0.0,0.0,0.0,0.0,0.0,0.0,5.48119453036917,3.4482758620689653,0.0,0.0,0.0,0.0,0.0,0.0,0.0,0.0,12.332687693330634,7.758620689655173,0.0,0.0,1.3702986325922926,0.8620689655172413,0.0,0.0,1.3702986325922926,0.8620689655172413,1.3702986325922926,0.8620689655172413,0.0,0.0,1.3702986325922926,0.8620689655172413,0.0,0.0,0.0,0.0,0.0,0.0,0.0,0.0,0.0,0.0,0.0,0.0,1.3702986325922926,0.8620689655172413,0.0,0.0,0.0,0.0,1.3702986325922926,0.8620689655172413,1.3702986325922926,0.8620689655172413,0.0,0.0,0.0,0.0,0.0,0.0,0.0,0.0,0.0,0.0,0.0,0.0,0.0,0.0,0.0,0.0,0.0,0.0,0.0,0.0,0.0,0.0,0.0,0.0,0.0,0.0,0.0,0.0,0.0,0.0,0.0,0.0,0.0,0.0,0.0,0.0,0.0,0.0,1.3702986325922926,0.8620689655172413,0.0,0.0,2.740597265184585,1.7241379310344827,0.0,0.0,0.0,0.0,0.0,0.0,0.0,0.0,0.0,0.0,0.0,0.0,0.0,0.0,0.0,0.0,1.3702986325922926,0.8620689655172413,2.740597265184585,1.7241379310344827,1.3702986325922926,0.8620689655172413,1.3702986325922926,0.8620689655172413,1.3702986325922926,0.8620689655172413,0.0,0.0,0.0,0.0,2.740597265184585,1.7241379310344827,0.0,0.0,1.3702986325922926,0.8620689655172413,0.0,0.0,0.0,0.0,0.0,0.0,0.0,0.0,0.0,0.0,0.0,0.0,0.0,0.0,0.0,0.0,2.740597265184585,1.7241379310344827,0.0,0.0,0.0,0.0,4.110895897776878,2.586206896551724,1.3702986325922926,0.8620689655172413,0.0,0.0,0.0,0.0,0.0,0.0,0.0,0.0,2.740597265184585,1.7241379310344827,0.0,0.0,5.48119453036917,3.4482758620689653,0.0,0.0,0.0,0.0,0.0,0.0,1.3702986325922926,0.8620689655172413,0.0,0.0,0.0,0.0,0.0,0.0,1.3702986325922926,0.8620689655172413,0.0,0.0,0.0,0.0,0.0,0.0,0.0,0.0,0.0,0.0,0.0,0.0,0.0,0.0,0.0,0.0,0.0,0.0,0.0,0.0,0.0,0.0,0.0,0.0,0.0,0.0,0.0,0.0,0.0,0.0,1.3702986325922926,0.8620689655172413,1.3702986325922926,0.8620689655172413,0.0,0.0,0.0,0.0,0.0,0.0,0.0,0.0,0.0,0.0,0.0,0.0,0.090717299578059,0.0042194092827004,0.0253164556962025,0.0569620253164556,0.1181434599156118,0.0168776371308016,0.0168776371308016,0.0886075949367088,0.0632911392405063,0.0021097046413502,0.0084388185654008,0.0379746835443038,0.0443037974683544,0.0780590717299578,0.0696202531645569,0.0168776371308016,0.0,0.0337552742616033,0.0548523206751054,0.080168776371308,0.0337552742616033,0.0042194092827004,0.0147679324894514,0.0021097046413502,0.0147679324894514,0.0,0.6291102866288376,116,72.97679324894516,4.086206896551724,19.33333333333333
Luke,0.0,0.0,0.0,0.0,0.0,0.0,1.6286876618019401,1.0080645161290323,0.6514750647207761,0.4032258064516129,0.0,0.0,0.0,0.0,12.703763762055134,7.862903225806452,0.0,0.0,0.6514750647207761,0.4032258064516129,2.6059002588831044,1.6129032258064515,0.0,0.0,0.0,0.0,0.0,0.0,0.0,0.0,0.9772125970811643,0.6048387096774194,0.32573753236038805,0.20161290322580644,0.0,0.0,0.0,0.0,0.0,0.0,0.0,0.0,0.0,0.0,1.6286876618019401,1.0080645161290323,0.0,0.0,0.0,0.0,0.0,0.0,0.0,0.0,0.9772125970811643,0.6048387096774194,0.6514750647207761,0.4032258064516129,0.9772125970811643,0.6048387096774194,0.0,0.0,0.32573753236038805,0.20161290322580644,1.3029501294415522,0.8064516129032258,0.0,0.0,0.32573753236038805,0.20161290322580644,1.3029501294415522,0.8064516129032258,0.6514750647207761,0.4032258064516129,3.583112855964268,2.217741935483871,0.0,0.0,0.0,0.0,0.32573753236038805,0.20161290322580644,0.0,0.0,3.2573753236038803,2.0161290322580645,0.0,0.0,1.6286876618019401,1.0080645161290323,0.0,0.0,0.0,0.0,2.9316377912434923,1.8145161290322582,0.0,0.0,0.6514750647207761,0.4032258064516129,1.9544251941623285,1.2096774193548387,0.6514750647207761,0.4032258064516129,0.0,0.0,0.6514750647207761,0.4032258064516129,0.0,0.0,0.32573753236038805,0.20161290322580644,0.32573753236038805,0.20161290322580644,0.6514750647207761,0.4032258064516129,0.0,0.0,0.0,0.0,0.32573753236038805,0.20161290322580644,0.32573753236038805,0.20161290322580644,0.0,0.0,0.0,0.0,0.32573753236038805,0.20161290322580644,0.32573753236038805,0.20161290322580644,0.32573753236038805,0.20161290322580644,0.6514750647207761,0.4032258064516129,1.6286876618019401,1.0080645161290323,0.0,0.0,0.6514750647207761,0.4032258064516129,7.817700776649314,4.838709677419355,0.0,0.0,0.0,0.0,0.0,0.0,0.32573753236038805,0.20161290322580644,0.32573753236038805,0.20161290322580644,0.0,0.0,0.0,0.0,0.32573753236038805,0.20161290322580644,0.0,0.0,0.0,0.0,1.9544251941623285,1.2096774193548387,0.6514750647207761,0.4032258064516129,2.6059002588831044,1.6129032258064515,0.0,0.0,0.0,0.0,0.0,0.0,0.0,0.0,0.0,0.0,0.32573753236038805,0.20161290322580644,2.9316377912434923,1.8145161290322582,10.423601035532418,6.451612903225806,0.32573753236038805,0.20161290322580644,0.32573753236038805,0.20161290322580644,2.2801627265227165,1.411290322580645,0.9772125970811643,0.6048387096774194,0.0,0.0,0.0,0.0,0.0,0.0,0.6514750647207761,0.4032258064516129,0.0,0.0,0.0,0.0,0.0,0.0,0.0,0.0,0.0,0.0,0.0,0.0,0.0,0.0,0.6514750647207761,0.4032258064516129,0.9772125970811643,0.6048387096774194,0.0,0.0,0.0,0.0,0.32573753236038805,0.20161290322580644,0.0,0.0,0.32573753236038805,0.20161290322580644,0.32573753236038805,0.20161290322580644,0.0,0.0,0.0,0.0,3.583112855964268,2.217741935483871,0.0,0.0,3.908850388324657,2.4193548387096775,0.0,0.0,0.0,0.0,0.0,0.0,0.32573753236038805,0.20161290322580644,1.3029501294415522,0.8064516129032258,1.3029501294415522,0.8064516129032258,0.9772125970811643,0.6048387096774194,0.32573753236038805,0.20161290322580644,0.0,0.0,0.0,0.0,0.0,0.0,0.0,0.0,0.0,0.0,0.0,0.0,0.0,0.0,0.0,0.0,0.0,0.0,0.9772125970811643,0.6048387096774194,0.0,0.0,0.32573753236038805,0.20161290322580644,0.0,0.0,0.0,0.0,0.0,0.0,0.0,0.0,1.3029501294415522,0.8064516129032258,0.0,0.0,0.0,0.0,0.9772125970811643,0.6048387096774194,0.0,0.0,0.0,0.0,0.32573753236038805,0.20161290322580644,0.0946142649199417,0.0155264434740417,0.0174672489082969,0.0451237263464337,0.1193595342066957,0.0218340611353711,0.0160116448326055,0.0873362445414847,0.0635613779718583,0.0029112081513828,0.0038816108685104,0.0315380883066472,0.0242600679281901,0.074235807860262,0.074235807860262,0.0145560407569141,0.0,0.0514313440077632,0.0596797671033478,0.1023774866569626,0.0242600679281901,0.0063076176613294,0.024745269286754,0.0014556040756914,0.0164968461911693,0.002426006792819,0.6189428088463164,496,306.9956331877729,4.155241935483871,23.52380952380953
John,0.0,0.0,0.0,0.0,0.0,0.0,0.0,0.0,0.0,0.0,0.0,0.0,0.0,0.0,6.175452939544797,3.3333333333333335,0.6175452939544797,0.33333333333333337,0.6175452939544797,0.33333333333333337,3.0877264697723983,1.6666666666666667,0.0,0.0,1.2350905879089593,0.6666666666666667,0.0,0.0,0.0,0.0,0.0,0.0,3.0877264697723983,1.6666666666666667,0.0,0.0,1.2350905879089593,0.6666666666666667,0.0,0.0,0.0,0.0,0.0,0.0,0.6175452939544797,0.33333333333333337,1.2350905879089593,0.6666666666666667,0.0,0.0,0.0,0.0,0.0,0.0,0.6175452939544797,0.33333333333333337,0.0,0.0,0.0,0.0,0.0,0.0,0.6175452939544797,0.33333333333333337,1.2350905879089593,0.6666666666666667,0.0,0.0,0.0,0.0,1.2350905879089593,0.6666666666666667,2.4701811758179186,1.3333333333333335,3.705271763726878,2.0,0.0,0.0,0.0,0.0,0.0,0.0,0.0,0.0,3.705271763726878,2.0,0.0,0.0,3.0877264697723983,1.6666666666666667,1.2350905879089593,0.6666666666666667,0.6175452939544797,0.33333333333333337,3.705271763726878,2.0,0.0,0.0,1.852635881863439,1.0,3.0877264697723983,1.6666666666666667,0.0,0.0,0.6175452939544797,0.33333333333333337,0.0,0.0,0.0,0.0,0.0,0.0,0.0,0.0,1.852635881863439,1.0,0.0,0.0,0.6175452939544797,0.33333333333333337,0.0,0.0,0.0,0.0,0.0,0.0,0.0,0.0,0.6175452939544797,0.33333333333333337,0.0,0.0,0.6175452939544797,0.33333333333333337,0.6175452939544797,0.33333333333333337,5.5579076455903165,3.0,0.0,0.0,0.0,0.0,4.322817057681358,2.3333333333333335,0.0,0.0,0.0,0.0,0.0,0.0,0.6175452939544797,0.33333333333333337,0.0,0.0,0.0,0.0,0.0,0.0,0.6175452939544797,0.33333333333333337,0.0,0.0,0.0,0.0,1.2350905879089593,0.6666666666666667,0.6175452939544797,0.33333333333333337,0.6175452939544797,0.33333333333333337,0.0,0.0,1.852635881863439,1.0,0.0,0.0,0.0,0.0,0.0,0.0,0.6175452939544797,0.33333333333333337,8.028088821408236,4.333333333333334,9.263179409317194,5.0,0.6175452939544797,0.33333333333333337,0.6175452939544797,0.33333333333333337,0.6175452939544797,0.33333333333333337,0.0,0.0,0.0,0.0,0.6175452939544797,0.33333333333333337,0.0,0.0,0.0,0.0,0.0,0.0,0.0,0.0,0.0,0.0,0.0,0.0,0.0,0.0,0.0,0.0,0.0,0.0,1.852635881863439,1.0,0.6175452939544797,0.33333333333333337,0.0,0.0,0.0,0.0,0.6175452939544797,0.33333333333333337,0.0,0.0,0.0,0.0,0.0,0.0,0.0,0.0,0.0,0.0,2.4701811758179186,1.3333333333333335,0.0,0.0,1.852635881863439,1.0,0.0,0.0,0.0,0.0,0.6175452939544797,0.33333333333333337,0.0,0.0,1.852635881863439,1.0,0.6175452939544797,0.33333333333333337,0.0,0.0,0.0,0.0,0.0,0.0,0.0,0.0,0.0,0.0,0.0,0.0,0.0,0.0,0.0,0.0,0.0,0.0,0.0,0.0,0.0,0.0,0.6175452939544797,0.33333333333333337,0.0,0.0,0.0,0.0,0.0,0.0,0.0,0.0,0.0,0.0,0.0,0.0,0.6175452939544797,0.33333333333333337,0.0,0.0,0.0,0.0,1.852635881863439,1.0,0.0,0.0,0.0,0.0,0.0,0.0,0.0591016548463357,0.0173364854215918,0.0133963750985027,0.0488573680063041,0.1418439716312056,0.0126083530338849,0.0165484633569739,0.0851063829787234,0.0598896769109535,0.0023640661938534,0.0031520882584712,0.0354609929078014,0.0236406619385342,0.0685579196217494,0.0669818754925137,0.007880220646178,0.0,0.0315208825847123,0.0583136327817178,0.103230890464933,0.0220646178092986,0.0228526398739164,0.0181245074862096,0.0,0.0118203309692671,0.0007880220646178,0.5397714736012609,300,161.93144208037828,4.23,21.142857142857142
Paul,0.35971773345317587,0.21739130434782608,0.0,0.0,0.0,0.0,1.4388709338127035,0.8695652173913043,0.7194354669063517,0.43478260869565216,0.0,0.0,0.0,0.0,3.2374596010785828,1.956521739130435,0.35971773345317587,0.21739130434782608,2.1583064007190553,1.3043478260869565,1.4388709338127035,0.8695652173913043,0.0,0.0,0.35971773345317587,0.21739130434782608,0.0,0.0,0.0,0.0,0.7194354669063517,0.43478260869565216,2.1583064007190553,1.3043478260869565,6.834636935610342,4.130434782608695,0.0,0.0,0.0,0.0,0.35971773345317587,0.21739130434782608,0.0,0.0,0.0,0.0,0.0,0.0,0.0,0.0,0.0,0.0,0.0,0.0,0.0,0.0,4.676330534891286,2.8260869565217392,0.0,0.0,0.0,0.0,0.7194354669063517,0.43478260869565216,2.1583064007190553,1.3043478260869565,0.35971773345317587,0.21739130434782608,0.0,0.0,0.7194354669063517,0.43478260869565216,0.7194354669063517,0.43478260869565216,0.0,0.0,0.0,0.0,0.0,0.0,0.0,0.0,0.0,0.0,0.7194354669063517,0.43478260869565216,0.0,0.0,1.4388709338127035,0.8695652173913043,0.35971773345317587,0.21739130434782608,1.0791532003595277,0.6521739130434783,2.518024134172231,1.5217391304347827,0.0,0.0,0.35971773345317587,0.21739130434782608,3.2374596010785828,1.956521739130435,0.35971773345317587,0.21739130434782608,0.0,0.0,0.0,0.0,0.0,0.0,0.7194354669063517,0.43478260869565216,0.0,0.0,2.1583064007190553,1.3043478260869565,1.7985886672658793,1.0869565217391304,0.35971773345317587,0.21739130434782608,0.0,0.0,1.7985886672658793,1.0869565217391304,0.35971773345317587,0.21739130434782608,1.7985886672658793,1.0869565217391304,0.0,0.0,0.0,0.0,0.0,0.0,0.35971773345317587,0.21739130434782608,2.1583064007190553,1.3043478260869565,0.0,0.0,0.7194354669063517,0.43478260869565216,5.036048268344462,3.0434782608695654,0.0,0.0,0.0,0.0,0.0,0.0,4.676330534891286,2.8260869565217392,0.0,0.0,0.0,0.0,0.0,0.0,1.0791532003595277,0.6521739130434783,0.0,0.0,0.0,0.0,0.0,0.0,0.35971773345317587,0.21739130434782608,2.518024134172231,1.5217391304347827,0.0,0.0,0.0,0.0,0.0,0.0,0.35971773345317587,0.21739130434782608,0.0,0.0,0.0,0.0,3.2374596010785828,1.956521739130435,8.992943336329397,5.434782608695652,0.0,0.0,0.0,0.0,0.35971773345317587,0.21739130434782608,0.7194354669063517,0.43478260869565216,0.0,0.0,0.35971773345317587,0.21739130434782608,0.0,0.0,0.35971773345317587,0.21739130434782608,0.0,0.0,0.35971773345317587,0.21739130434782608,0.0,0.0,0.0,0.0,0.0,0.0,0.0,0.0,0.0,0.0,0.0,0.0,0.35971773345317587,0.21739130434782608,0.0,0.0,0.0,0.0,0.0,0.0,0.0,0.0,0.0,0.0,0.0,0.0,0.0,0.0,0.0,0.0,2.518024134172231,1.5217391304347827,0.0,0.0,2.1583064007190553,1.3043478260869565,1.0791532003595277,0.6521739130434783,0.0,0.0,0.0,0.0,1.4388709338127035,0.8695652173913043,3.9568950679849344,2.391304347826087,1.7985886672658793,1.0869565217391304,0.35971773345317587,0.21739130434782608,1.0791532003595277,0.6521739130434783,0.0,0.0,0.35971773345317587,0.21739130434782608,0.0,0.0,0.35971773345317587,0.21739130434782608,0.0,0.0,0.0,0.0,0.0,0.0,0.0,0.0,0.0,0.0,1.0791532003595277,0.6521739130434783,0.0,0.0,0.35971773345317587,0.21739130434782608,0.35971773345317587,0.21739130434782608,0.0,0.0,0.0,0.0,0.35971773345317587,0.21739130434782608,0.0,0.0,0.35971773345317587,0.21739130434782608,0.35971773345317587,0.21739130434782608,0.0,0.0,0.0,0.0,1.0791532003595277,0.6521739130434783,0.0,0.0,0.0637958532695374,0.0228601807549175,0.0265816055289739,0.0462519936204146,0.1408825093035619,0.0345560871876661,0.024455077086656,0.0648591174906964,0.06113769271664,0.0053163211057947,0.0005316321105794,0.0287081339712918,0.0297713981924508,0.0802764486975013,0.0850611376927166,0.0058479532163742,0.0,0.0526315789473684,0.0584795321637426,0.0776182881446039,0.0324295587453482,0.0095693779904306,0.0239234449760765,0.0010632642211589,0.0191387559808612,0.0,0.6043385803111198,460,277.9957469431151,4.089130434782609,22.85
Unknown,0.0,0.0,0.0,0.0,0.0,0.0,0.0,0.0,0.0,0.0,0.0,0.0,0.0,0.0,4.651553316540721,2.857142857142857,0.0,0.0,0.0,0.0,0.0,0.0,0.0,0.0,0.0,0.0,0.0,0.0,0.0,0.0,0.0,0.0,2.3257766582703603,1.4285714285714286,0.0,0.0,0.0,0.0,0.0,0.0,0.0,0.0,2.3257766582703603,1.4285714285714286,0.0,0.0,0.0,0.0,0.0,0.0,0.0,0.0,0.0,0.0,0.0,0.0,2.3257766582703603,1.4285714285714286,0.0,0.0,0.0,0.0,0.0,0.0,0.0,0.0,0.0,0.0,0.0,0.0,2.3257766582703603,1.4285714285714286,0.0,0.0,2.3257766582703603,1.4285714285714286,0.0,0.0,0.0,0.0,0.0,0.0,0.0,0.0,11.628883291351801,7.142857142857142,0.0,0.0,0.0,0.0,0.0,0.0,0.0,0.0,4.651553316540721,2.857142857142857,0.0,0.0,0.0,0.0,2.3257766582703603,1.4285714285714286,0.0,0.0,0.0,0.0,0.0,0.0,0.0,0.0,0.0,0.0,0.0,0.0,4.651553316540721,2.857142857142857,0.0,0.0,0.0,0.0,0.0,0.0,0.0,0.0,0.0,0.0,0.0,0.0,0.0,0.0,0.0,0.0,0.0,0.0,0.0,0.0,2.3257766582703603,1.4285714285714286,0.0,0.0,0.0,0.0,6.977329974811081,4.285714285714286,0.0,0.0,0.0,0.0,0.0,0.0,2.3257766582703603,1.4285714285714286,2.3257766582703603,1.4285714285714286,0.0,0.0,0.0,0.0,0.0,0.0,0.0,0.0,0.0,0.0,0.0,0.0,0.0,0.0,0.0,0.0,0.0,0.0,0.0,0.0,0.0,0.0,0.0,0.0,0.0,0.0,2.3257766582703603,1.4285714285714286,4.651553316540721,2.857142857142857,11.628883291351801,7.142857142857142,0.0,0.0,0.0,0.0,0.0,0.0,0.0,0.0,0.0,0.0,0.0,0.0,0.0,0.0,0.0,0.0,0.0,0.0,0.0,0.0,0.0,0.0,0.0,0.0,0.0,0.0,0.0,0.0,0.0,0.0,0.0,0.0,0.0,0.0,0.0,0.0,0.0,0.0,9.303106633081441,5.714285714285714,0.0,0.0,0.0,0.0,2.3257766582703603,1.4285714285714286,0.0,0.0,0.0,0.0,2.3257766582703603,1.4285714285714286,0.0,0.0,2.3257766582703603,1.4285714285714286,0.0,0.0,0.0,0.0,0.0,0.0,0.0,0.0,2.3257766582703603,1.4285714285714286,0.0,0.0,2.3257766582703603,1.4285714285714286,0.0,0.0,0.0,0.0,0.0,0.0,0.0,0.0,0.0,0.0,0.0,0.0,2.3257766582703603,1.4285714285714286,0.0,0.0,0.0,0.0,0.0,0.0,0.0,0.0,0.0,0.0,0.0,0.0,0.0,0.0,0.0,0.0,0.0,0.0,0.0,0.0,2.3257766582703603,1.4285714285714286,0.0,0.0,0.0,0.0,0.0,0.0,0.0,0.0,0.0,0.0,0.0,0.0,0.0722021660649819,0.0072202166064981,0.0180505415162454,0.0361010830324909,0.0938628158844765,0.0252707581227436,0.0144404332129963,0.0938628158844765,0.0685920577617328,0.003610108303249,0.0072202166064981,0.0324909747292418,0.0361010830324909,0.0722021660649819,0.0902527075812274,0.0108303249097472,0.0,0.0433212996389891,0.0577617328519855,0.1299638989169675,0.0361010830324909,0.0072202166064981,0.0288808664259927,0.0,0.0108303249097472,0.0,0.6142341413099538,70,42.996389891696765,3.957142857142857,23.33333333333333
James,0.0,0.0,0.0,0.0,0.0,0.0,0.0,0.0,0.0,0.0,0.0,0.0,0.0,0.0,0.0,0.0,0.0,0.0,0.0,0.0,0.0,0.0,0.0,0.0,0.0,0.0,0.0,0.0,0.0,0.0,0.0,0.0,0.0,0.0,0.0,0.0,0.0,0.0,0.0,0.0,0.0,0.0,0.0,0.0,0.0,0.0,0.0,0.0,0.0,0.0,0.0,0.0,0.0,0.0,0.0,0.0,8.333333333333336,6.666666666666667,0.0,0.0,0.0,0.0,0.0,0.0,0.0,0.0,0.0,0.0,0.0,0.0,0.0,0.0,0.0,0.0,8.333333333333336,6.666666666666667,0.0,0.0,0.0,0.0,0.0,0.0,0.0,0.0,0.0,0.0,0.0,0.0,0.0,0.0,0.0,0.0,0.0,0.0,0.0,0.0,0.0,0.0,0.0,0.0,0.0,0.0,0.0,0.0,0.0,0.0,8.333333333333336,6.666666666666667,0.0,0.0,8.333333333333336,6.666666666666667,0.0,0.0,8.333333333333336,6.666666666666667,0.0,0.0,0.0,0.0,0.0,0.0,0.0,0.0,0.0,0.0,0.0,0.0,0.0,0.0,0.0,0.0,0.0,0.0,0.0,0.0,8.333333333333336,6.666666666666667,0.0,0.0,0.0,0.0,8.333333333333336,6.666666666666667,0.0,0.0,0.0,0.0,0.0,0.0,0.0,0.0,0.0,0.0,0.0,0.0,0.0,0.0,0.0,0.0,0.0,0.0,0.0,0.0,0.0,0.0,0.0,0.0,8.333333333333336,6.666666666666667,0.0,0.0,0.0,0.0,0.0,0.0,0.0,0.0,0.0,0.0,0.0,0.0,16.66666666666667,13.333333333333334,8.333333333333336,6.666666666666667,0.0,0.0,0.0,0.0,0.0,0.0,0.0,0.0,0.0,0.0,0.0,0.0,0.0,0.0,0.0,0.0,0.0,0.0,0.0,0.0,0.0,0.0,0.0,0.0,0.0,0.0,0.0,0.0,0.0,0.0,0.0,0.0,0.0,0.0,0.0,0.0,0.0,0.0,0.0,0.0,0.0,0.0,0.0,0.0,0.0,0.0,0.0,0.0,0.0,0.0,0.0,0.0,0.0,0.0,0.0,0.0,0.0,0.0,0.0,0.0,0.0,0.0,0.0,0.0,0.0,0.0,0.0,0.0,0.0,0.0,0.0,0.0,0.0,0.0,0.0,0.0,0.0,0.0,0.0,0.0,0.0,0.0,0.0,0.0,0.0,0.0,0.0,0.0,0.0,0.0,0.0,0.0,0.0,0.0,0.0,0.0,0.0,0.0,0.0,0.0,0.0,0.0,0.0,0.0,0.0,0.0,0.0,0.0,0.0,0.0,0.0,0.0,0.0,0.0,0.0,0.0,0.0,0.0,0.0892857142857142,0.0,0.0178571428571428,0.0178571428571428,0.1071428571428571,0.0357142857142857,0.0178571428571428,0.125,0.0535714285714285,0.0,0.0178571428571428,0.0714285714285714,0.0178571428571428,0.0892857142857142,0.0714285714285714,0.0,0.0,0.0535714285714285,0.0178571428571428,0.1607142857142857,0.0,0.0178571428571428,0.0,0.0,0.0178571428571428,0.0,0.7999999999999997,15,11.999999999999996,3.733333333333333,15.0
Peter,0.0,0.0,0.0,0.0,0.0,0.0,0.0,0.0,0.0,0.0,0.0,0.0,0.0,0.0,9.999999999999996,5.555555555555555,0.0,0.0,0.0,0.0,9.999999999999996,5.555555555555555,0.0,0.0,0.0,0.0,0.0,0.0,0.0,0.0,4.999999999999998,2.7777777777777777,0.0,0.0,0.0,0.0,0.0,0.0,0.0,0.0,0.0,0.0,0.0,0.0,0.0,0.0,0.0,0.0,0.0,0.0,0.0,0.0,0.0,0.0,0.0,0.0,0.0,0.0,0.0,0.0,0.0,0.0,0.0,0.0,0.0,0.0,0.0,0.0,0.0,0.0,0.0,0.0,0.0,0.0,0.0,0.0,0.0,0.0,0.0,0.0,0.0,0.0,0.0,0.0,0.0,0.0,0.0,0.0,0.0,0.0,0.0,0.0,0.0,0.0,0.0,0.0,0.0,0.0,0.0,0.0,0.0,0.0,4.999999999999998,2.7777777777777777,0.0,0.0,0.0,0.0,0.0,0.0,0.0,0.0,0.0,0.0,0.0,0.0,0.0,0.0,0.0,0.0,0.0,0.0,4.999999999999998,2.7777777777777777,0.0,0.0,4.999999999999998,2.7777777777777777,0.0,0.0,0.0,0.0,0.0,0.0,0.0,0.0,0.0,0.0,0.0,0.0,0.0,0.0,14.999999999999995,8.333333333333332,0.0,0.0,0.0,0.0,0.0,0.0,0.0,0.0,0.0,0.0,0.0,0.0,0.0,0.0,0.0,0.0,0.0,0.0,0.0,0.0,0.0,0.0,0.0,0.0,0.0,0.0,0.0,0.0,0.0,0.0,0.0,0.0,0.0,0.0,0.0,0.0,4.999999999999998,2.7777777777777777,9.999999999999996,5.555555555555555,9.999999999999996,5.555555555555555,0.0,0.0,0.0,0.0,0.0,0.0,0.0,0.0,0.0,0.0,0.0,0.0,0.0,0.0,0.0,0.0,0.0,0.0,0.0,0.0,0.0,0.0,0.0,0.0,0.0,0.0,0.0,0.0,0.0,0.0,0.0,0.0,0.0,0.0,0.0,0.0,0.0,0.0,0.0,0.0,0.0,0.0,0.0,0.0,0.0,0.0,0.0,0.0,0.0,0.0,0.0,0.0,0.0,0.0,4.999999999999998,2.7777777777777777,0.0,0.0,0.0,0.0,0.0,0.0,0.0,0.0,0.0,0.0,0.0,0.0,0.0,0.0,0.0,0.0,0.0,0.0,0.0,0.0,0.0,0.0,0.0,0.0,0.0,0.0,0.0,0.0,0.0,0.0,0.0,0.0,0.0,0.0,0.0,0.0,0.0,0.0,0.0,0.0,0.0,0.0,0.0,0.0,0.0,0.0,0.0,0.0,4.999999999999998,2.7777777777777777,0.0,0.0,0.0,0.0,0.0,0.0,0.0,0.0,0.0,0.0,4.999999999999998,2.7777777777777777,0.0705128205128205,0.0192307692307692,0.0192307692307692,0.032051282051282,0.0897435897435897,0.0384615384615384,0.0384615384615384,0.0961538461538461,0.0833333333333333,0.0064102564102564,0.0,0.0192307692307692,0.0192307692307692,0.0512820512820512,0.0833333333333333,0.032051282051282,0.0,0.0769230769230769,0.0384615384615384,0.1153846153846153,0.0512820512820512,0.0,0.0064102564102564,0.0,0.0128205128205128,0.0,0.5555555555555558,36,20.000000000000007,4.333333333333333,36.0
Jude,,,,,,,,,,,,,,,,,,,,,,,,,,,,,,,,,,,,,,,,,,,,,,,,,,,,,,,,,,,,,,,,,,,,,,,,,,,,,,,,,,,,,,,,,,,,,,,,,,,,,,,,,,,,,,,,,,,,,,,,,,,,,,,,,,,,,,,,,,,,,,,,,,,,,,,,,,,,,,,,,,,,,,,,,,,,,,,,,,,,,,,,,,,,,,,,,,,,,,,,,,,,,,,,,,,,,,,,,,,,,,,,,,,,,,,,,,,,,,,,,,,,,,,,,,,,,,,,,,,,,,,,,,,,,,,,,,,,,,,,,,,,,,,,,,,,,,,,,,,,,,,,,0.0,0.0,0.0,0.0,0.0,0.0,0.0,0.0,0.0,0.0,0.0,0.0,0.0,0.0,0.0,0.0,0.0,0.0,0.0,0.0,0.0,0.0,0.0,0.0,0.0,0.0,,0,0.0,0.0,0.0
